com.samsung.shealth.tracker.pedometer_step_count,6266001,2
duration,version_code,run_step,walk_step,com.samsung.health.step_count.start_time,com.samsung.health.step_count.sample_position_type,com.samsung.health.step_count.custom,com.samsung.health.step_count.update_time,com.samsung.health.step_count.create_time,com.samsung.health.step_count.count,com.samsung.health.step_count.speed,com.samsung.health.step_count.distance,com.samsung.health.step_count.calorie,com.samsung.health.step_count.time_offset,com.samsung.health.step_count.deviceuuid,com.samsung.health.step_count.pkg_name,com.samsung.health.step_count.end_time,com.samsung.health.step_count.datauuid
,,0,37,2024-06-10 21:28:00.000,,,2024-06-10 21:30:23.000,2024-06-10 21:28:59.000,37,1.4143535,29.59999,1.900282,UTC-0300,rCXGezyjDZ,com.sec.android.app.shealth,2024-06-10 21:28:59.000,cd3a7ce3-7c28-5596-7b4d-21ecbd5b1b56,
,,0,35,2024-06-10 21:35:00.000,,,2024-06-10 21:35:59.000,2024-06-10 21:35:59.000,35,1.7251853,27.999973,1.7316786,UTC-0300,rCXGezyjDZ,com.sec.android.app.shealth,2024-06-10 21:35:59.000,b7094d4b-a175-eca5-d030-0d10688100c1,
,,0,26,2024-06-10 21:36:00.000,,,2024-06-10 21:36:59.000,2024-06-10 21:36:59.000,26,1.2056278,20.800045,1.3488681,UTC-0300,rCXGezyjDZ,com.sec.android.app.shealth,2024-06-10 21:36:59.000,8ebae2a0-2097-6c78-9d9a-29db044fdadc,
,,0,21,2024-06-10 21:38:00.000,,,2024-06-10 21:38:59.000,2024-06-10 21:38:59.000,21,1.4001389,16.800049,1.102642,UTC-0300,rCXGezyjDZ,com.sec.android.app.shealth,2024-06-10 21:38:59.000,14b9b1a3-1c40-a1a1-980e-bfb4d88b561f,
,,0,28,2024-06-10 21:57:00.000,,,2024-06-10 21:57:59.000,2024-06-10 21:57:59.000,28,1.3600849,22.400055,1.4704628,UTC-0300,rCXGezyjDZ,com.sec.android.app.shealth,2024-06-10 21:57:59.000,69c7f357-6318-0774-5916-c86e69d412f4,
,,0,27,2024-06-10 22:09:00.000,,,2024-06-10 22:09:59.000,2024-06-10 22:09:59.000,27,1.2720736,21.600067,1.4014297,UTC-0300,rCXGezyjDZ,com.sec.android.app.shealth,2024-06-10 22:09:59.000,768c1a79-38cf-f912-b1cc-0ba63b708e49,
,,0,28,2024-06-10 22:11:00.000,,,2024-06-10 22:11:59.000,2024-06-10 22:11:59.000,28,1.5603516,22.400085,1.3969669,UTC-0300,rCXGezyjDZ,com.sec.android.app.shealth,2024-06-10 22:11:59.000,e169137f-6a68-caf5-0889-3dfcc29ff5be,
,,2,21,2024-06-10 22:12:00.000,,,2024-06-10 22:17:29.000,2024-06-10 22:12:59.000,23,2.119372,19.600082,1.3602896,UTC-0300,rCXGezyjDZ,com.sec.android.app.shealth,2024-06-10 22:12:59.000,946e2e13-f533-95a3-904b-0927d171263f,
,,0,40,2024-06-10 22:33:00.000,,,2024-06-10 22:33:59.000,2024-06-10 22:33:59.000,40,1.3060195,32.000122,2.127698,UTC-0300,rCXGezyjDZ,com.sec.android.app.shealth,2024-06-10 22:33:59.000,6b5b760b-8e6e-e189-a0c3-f6653bf6878b,
,,0,28,2024-06-10 22:36:00.000,,,2024-06-10 22:36:59.000,2024-06-10 22:36:59.000,28,1.3129252,22.400085,1.4640207,UTC-0300,rCXGezyjDZ,com.sec.android.app.shealth,2024-06-10 22:36:59.000,c2b7b5d0-a3f5-6ee3-c340-94e3a452b1a8,
,,0,24,2024-06-10 22:37:00.000,,,2024-06-10 22:37:59.000,2024-06-10 22:37:59.000,24,1.3275837,19.200073,1.2853851,UTC-0300,rCXGezyjDZ,com.sec.android.app.shealth,2024-06-10 22:37:59.000,8e185e0c-ec34-6acb-d877-367c1e427daa,
,,0,30,2024-06-10 22:40:00.000,,,2024-06-10 22:40:59.000,2024-06-10 22:40:59.000,30,1.4428456,23.999725,1.5713501,UTC-0300,rCXGezyjDZ,com.sec.android.app.shealth,2024-06-10 22:40:59.000,6086549e-734e-f1d8-a245-220e0e10bd02,
,,0,42,2024-06-10 22:41:00.000,,,2024-06-10 22:41:59.000,2024-06-10 22:41:59.000,42,1.6004138,33.59964,2.1831455,UTC-0300,rCXGezyjDZ,com.sec.android.app.shealth,2024-06-10 22:41:59.000,c555c672-3f0c-0908-4ced-aa84012edbe7,
,,0,30,2024-06-10 22:42:00.000,,,2024-06-10 22:42:59.000,2024-06-10 22:42:59.000,30,1.5255849,23.999725,1.5146542,UTC-0300,rCXGezyjDZ,com.sec.android.app.shealth,2024-06-10 22:42:59.000,601c8f5f-e0aa-0d2b-edfe-b85c28acdfa9,
,,0,16,2024-06-10 22:44:00.000,,,2024-06-10 22:44:59.000,2024-06-10 22:44:59.000,16,1.8181819,12.799866,0.80789185,UTC-0300,rCXGezyjDZ,com.sec.android.app.shealth,2024-06-10 22:44:59.000,3fd9816d-25d7-9d23-cbbc-a9632ac43853,
,,0,60,2024-06-10 22:46:00.000,,,2024-06-10 22:46:59.000,2024-06-10 22:46:59.000,60,1.6042652,47.9993,2.9594688,UTC-0300,rCXGezyjDZ,com.sec.android.app.shealth,2024-06-10 22:46:59.000,3e06989e-675a-ff30-e0fb-55428b4019ed,
,,0,66,2024-06-10 22:47:00.000,,,2024-06-10 22:47:59.000,2024-06-10 22:47:59.000,66,1.6932039,52.799255,3.2149963,UTC-0300,rCXGezyjDZ,com.sec.android.app.shealth,2024-06-10 22:47:59.000,b00e944d-faeb-503b-b32e-edbd69540de3,
,,0,67,2024-06-10 22:48:00.000,,,2024-06-10 22:48:59.000,2024-06-10 22:48:59.000,67,1.8010291,53.599182,3.2296734,UTC-0300,rCXGezyjDZ,com.sec.android.app.shealth,2024-06-10 22:48:59.000,f4b6246c-046e-d8fa-965a-ef80f7ac624d,
,,0,65,2024-06-10 22:49:00.000,,,2024-06-10 22:49:59.000,2024-06-10 22:49:59.000,65,1.7298089,51.999237,3.1564636,UTC-0300,rCXGezyjDZ,com.sec.android.app.shealth,2024-06-10 22:49:59.000,be729207-76d4-5c1c-e898-3eadf951ea2a,
,,0,66,2024-06-10 22:50:00.000,,,2024-06-10 22:50:59.000,2024-06-10 22:50:59.000,66,1.7317078,52.799194,3.1980858,UTC-0300,rCXGezyjDZ,com.sec.android.app.shealth,2024-06-10 22:50:59.000,4752ab84-9773-3f4b-8c56-0d4878387bf9,
,,0,90,2024-06-10 22:51:00.000,,,2024-06-10 22:51:59.000,2024-06-10 22:51:59.000,90,1.4778179,71.9989,4.390938,UTC-0300,rCXGezyjDZ,com.sec.android.app.shealth,2024-06-10 22:51:59.000,98b0b1b4-66db-8580-70b2-f78e16eca417,
,,0,67,2024-06-10 22:52:00.000,,,2024-06-10 22:52:59.000,2024-06-10 22:52:59.000,67,1.7071028,53.599182,3.2597008,UTC-0300,rCXGezyjDZ,com.sec.android.app.shealth,2024-06-10 22:52:59.000,d2f3a2b2-fc38-3ab5-6183-e554106e1433,
,,0,64,2024-06-10 22:53:00.000,,,2024-06-10 22:53:59.000,2024-06-10 22:53:59.000,64,1.7465267,51.19922,3.0964317,UTC-0300,rCXGezyjDZ,com.sec.android.app.shealth,2024-06-10 22:53:59.000,a10e5a5d-4ff9-747f-3462-87cd689d8aac,
,,0,59,2024-06-10 22:54:00.000,,,2024-06-10 22:54:59.000,2024-06-10 22:54:59.000,59,1.4257914,47.19928,2.8897667,UTC-0300,rCXGezyjDZ,com.sec.android.app.shealth,2024-06-10 22:54:59.000,11f13a29-3a55-325c-8ac1-d09b5016b03f,
,,0,59,2024-06-10 22:55:00.000,,,2024-06-10 22:55:59.000,2024-06-10 22:55:59.000,59,1.7595716,47.19928,2.8569603,UTC-0300,rCXGezyjDZ,com.sec.android.app.shealth,2024-06-10 22:55:59.000,72911d55-92b9-976e-ffd4-e18b19bc2ff6,
,,0,2,2024-06-10 22:56:00.000,,,2024-06-10 22:58:22.000,2024-06-10 22:56:59.000,2,1.04,1.5999756,0.112384796,UTC-0300,rCXGezyjDZ,com.sec.android.app.shealth,2024-06-10 22:56:59.000,ae8c032f-ce1b-91ab-c1e6-7263fac7d323,
,,0,14,2024-06-10 22:59:00.000,,,2024-06-10 22:59:59.000,2024-06-10 22:59:59.000,14,1.2213919,11.199829,0.74977875,UTC-0300,rCXGezyjDZ,com.sec.android.app.shealth,2024-06-10 22:59:59.000,fb95fa7c-eee6-62cd-de7f-2765547c7856,
,,0,36,2024-06-11 21:14:00.000,,,2024-06-11 21:14:59.000,2024-06-11 21:14:59.000,36,1.5657023,28.799992,1.8028815,UTC-0300,rCXGezyjDZ,com.sec.android.app.shealth,2024-06-11 21:14:59.000,9f476e6b-d167-2ebf-7d54-4a49550f71e1,
,,1,12,2024-06-11 21:15:00.000,,,2024-06-11 21:15:59.000,2024-06-11 21:15:59.000,13,1.8228917,10.699993,0.7398393,UTC-0300,rCXGezyjDZ,com.sec.android.app.shealth,2024-06-11 21:15:59.000,bcdb7f44-6f02-082f-8221-c829cf976f05,
,,0,17,2024-06-11 21:16:00.000,,,2024-06-11 21:16:59.000,2024-06-11 21:16:59.000,17,1.5425687,13.599987,0.84354925,UTC-0300,rCXGezyjDZ,com.sec.android.app.shealth,2024-06-11 21:16:59.000,5a82d377-082c-6268-d354-b5f9c5d69403,
,,0,37,2024-06-11 21:19:00.000,,,2024-06-11 21:19:59.000,2024-06-11 21:19:59.000,37,1.6707364,29.600063,1.8529239,UTC-0300,rCXGezyjDZ,com.sec.android.app.shealth,2024-06-11 21:19:59.000,cb16c840-4652-5ec0-d279-c2ef12f34e2c,
,,0,4,2024-06-11 21:20:00.000,,,2024-06-11 21:21:08.000,2024-06-11 21:20:59.000,4,1.6530919,3.2000122,0.19531822,UTC-0300,rCXGezyjDZ,com.sec.android.app.shealth,2024-06-11 21:20:59.000,c3cc2d38-8910-7c19-4a9b-afc340215d61,
,,0,15,2024-06-11 21:40:00.000,,,2024-06-11 21:40:59.000,2024-06-11 21:40:59.000,15,1.3327919,12.000023,0.7620864,UTC-0300,rCXGezyjDZ,com.sec.android.app.shealth,2024-06-11 21:40:59.000,db3de945-fab6-5a17-c298-b240e782aa5a,
,,0,10,2024-06-11 21:59:00.000,,,2024-06-11 21:59:59.000,2024-06-11 21:59:59.000,10,1.3333333,8.000008,0.49501753,UTC-0300,rCXGezyjDZ,com.sec.android.app.shealth,2024-06-11 21:59:59.000,4909e7d2-859e-c3ce-1929-3c816a010dfc,
,,0,19,2024-06-11 22:06:00.000,,,2024-06-11 22:06:59.000,2024-06-11 22:06:59.000,19,1.3846152,15.20005,0.986289,UTC-0300,rCXGezyjDZ,com.sec.android.app.shealth,2024-06-11 22:06:59.000,aff133d5-cc14-add5-0f72-a03a61467081,
,,0,32,2024-06-11 22:07:00.000,,,2024-06-11 22:07:59.000,2024-06-11 22:07:59.000,32,1.5239062,25.600082,1.6183529,UTC-0300,rCXGezyjDZ,com.sec.android.app.shealth,2024-06-11 22:07:59.000,2f050d81-dd3c-732b-0a96-5e39413c6dff,
,,0,18,2024-06-11 22:24:00.000,,,2024-06-11 22:26:05.000,2024-06-11 22:24:59.000,18,1.3870662,14.400055,0.9232855,UTC-0300,rCXGezyjDZ,com.sec.android.app.shealth,2024-06-11 22:24:59.000,e5f8ba56-ccdd-bb61-be52-905bf1073b8e,
,,0,52,2024-06-11 22:27:00.000,,,2024-06-11 22:27:59.000,2024-06-11 22:27:59.000,52,1.4368789,41.60016,2.6278105,UTC-0300,rCXGezyjDZ,com.sec.android.app.shealth,2024-06-11 22:27:59.000,90bc533b-ec46-7cc2-ed10-ce4abc48fb40,
,,0,43,2024-06-11 22:28:00.000,,,2024-06-11 22:29:19.000,2024-06-11 22:28:59.000,43,1.4959686,34.40013,2.1568613,UTC-0300,rCXGezyjDZ,com.sec.android.app.shealth,2024-06-11 22:28:59.000,7d6a8ee5-7b69-c73f-60e3-8f8f82ae4d93,
,,0,61,2024-06-11 22:29:00.000,,,2024-06-11 22:29:59.000,2024-06-11 22:29:59.000,61,1.3374476,48.799805,3.1504326,UTC-0300,rCXGezyjDZ,com.sec.android.app.shealth,2024-06-11 22:29:59.000,684c94b1-010f-9490-31ec-6c2110c66c34,
,,0,115,2024-06-11 22:30:00.000,,,2024-06-11 22:30:59.000,2024-06-11 22:30:59.000,115,1.6304959,91.9986,5.6453,UTC-0300,rCXGezyjDZ,com.sec.android.app.shealth,2024-06-11 22:30:59.000,a4a2e65c-f203-e277-bb57-58643b042b23,
,,20,97,2024-06-11 22:31:00.000,,,2024-06-11 22:31:59.000,2024-06-11 22:31:59.000,117,1.6004763,99.59903,6.9403057,UTC-0300,rCXGezyjDZ,com.sec.android.app.shealth,2024-06-11 22:31:59.000,775f8620-1d07-d96e-214f-dcb75434fa1e,
,,152,0,2024-06-11 22:32:00.000,,,2024-06-11 22:32:59.000,2024-06-11 22:32:59.000,152,2.7754066,167.19727,16.580032,UTC-0300,rCXGezyjDZ,com.sec.android.app.shealth,2024-06-11 22:32:59.000,f6f38d8b-ea55-639a-07a6-6b151ff67863,
,,154,0,2024-06-11 22:33:00.000,,,2024-06-11 22:33:59.000,2024-06-11 22:33:59.000,154,2.7903073,169.39624,16.81075,UTC-0300,rCXGezyjDZ,com.sec.android.app.shealth,2024-06-11 22:33:59.000,d0eb6881-2927-76e7-5b6c-14402f6a9485,
,,152,0,2024-06-11 22:34:00.000,,,2024-06-11 22:34:59.000,2024-06-11 22:34:59.000,152,2.7891026,167.19629,16.587654,UTC-0300,rCXGezyjDZ,com.sec.android.app.shealth,2024-06-11 22:34:59.000,a365e55e-9552-9ca9-7be2-38a8d8528863,
,,51,65,2024-06-11 22:35:00.000,,,2024-06-11 22:35:59.000,2024-06-11 22:35:59.000,116,2.4039772,108.09906,8.900604,UTC-0300,rCXGezyjDZ,com.sec.android.app.shealth,2024-06-11 22:35:59.000,d1d43519-27db-3db9-bab4-ef948d3a4fc5,
,,155,0,2024-06-11 22:36:00.000,,,2024-06-11 22:36:59.000,2024-06-11 22:36:59.000,155,2.8060887,170.49622,16.868637,UTC-0300,rCXGezyjDZ,com.sec.android.app.shealth,2024-06-11 22:36:59.000,7a439b1e-2360-f595-cf84-6531351deb16,
,,156,0,2024-06-11 22:37:00.000,,,2024-06-11 22:37:59.000,2024-06-11 22:37:59.000,156,2.8433015,171.59619,16.972664,UTC-0300,rCXGezyjDZ,com.sec.android.app.shealth,2024-06-11 22:37:59.000,03b5d1c4-8c97-3da2-67e9-195325b4eff0,
,,156,0,2024-06-11 22:38:00.000,,,2024-06-11 22:38:59.000,2024-06-11 22:38:59.000,156,2.9497833,171.59619,16.972237,UTC-0300,rCXGezyjDZ,com.sec.android.app.shealth,2024-06-11 22:38:59.000,2572e8ed-7965-f60b-e22c-f87c9f36b6a4,
,,154,0,2024-06-11 22:39:00.000,,,2024-06-11 22:39:59.000,2024-06-11 22:39:59.000,154,2.9304183,169.39624,16.764328,UTC-0300,rCXGezyjDZ,com.sec.android.app.shealth,2024-06-11 22:39:59.000,ecaf15f2-0600-164a-b7fc-7eeaf9f173f1,
,,153,0,2024-06-11 22:40:00.000,,,2024-06-11 22:40:59.000,2024-06-11 22:40:59.000,153,2.909765,168.29626,16.665985,UTC-0300,rCXGezyjDZ,com.sec.android.app.shealth,2024-06-11 22:40:59.000,55ff018b-a769-d9bb-2e9d-8263eedd8a31,
,,152,0,2024-06-11 22:41:00.000,,,2024-06-11 22:41:59.000,2024-06-11 22:41:59.000,152,2.8388171,167.203,16.574005,UTC-0300,rCXGezyjDZ,com.sec.android.app.shealth,2024-06-11 22:41:59.000,ad418114-baaf-df3d-74ed-d119036b66e6,
,,152,0,2024-06-11 22:42:00.000,,,2024-06-11 22:42:59.000,2024-06-11 22:42:59.000,152,2.8838365,167.21484,16.571777,UTC-0300,rCXGezyjDZ,com.sec.android.app.shealth,2024-06-11 22:42:59.000,37d1308a-ccb1-aba5-8680-f2d1545c0b25,
,,151,0,2024-06-11 22:43:00.000,,,2024-06-11 22:43:59.000,2024-06-11 22:43:59.000,151,2.8778496,166.11475,16.465256,UTC-0300,rCXGezyjDZ,com.sec.android.app.shealth,2024-06-11 22:43:59.000,9087ee53-ce94-d812-8a92-177b8e125d50,
,,152,0,2024-06-11 22:44:00.000,,,2024-06-11 22:44:59.000,2024-06-11 22:44:59.000,152,2.8706129,167.21484,16.577866,UTC-0300,rCXGezyjDZ,com.sec.android.app.shealth,2024-06-11 22:44:59.000,86090b63-0c84-d6d6-c497-8dd7feb68dd6,
,,151,0,2024-06-11 22:45:00.000,,,2024-06-11 22:45:59.000,2024-06-11 22:45:59.000,151,2.8150356,166.11475,16.471115,UTC-0300,rCXGezyjDZ,com.sec.android.app.shealth,2024-06-11 22:45:59.000,a8870ba0-c99d-a6b4-227e-55edfa6e8a37,
,,151,0,2024-06-11 22:46:00.000,,,2024-06-11 22:46:59.000,2024-06-11 22:46:59.000,151,2.8631794,166.11475,16.472961,UTC-0300,rCXGezyjDZ,com.sec.android.app.shealth,2024-06-11 22:46:59.000,d5d4d7de-742f-1350-f1aa-fc9f580bfc25,
,,132,14,2024-06-11 22:47:00.000,,,2024-06-11 22:47:59.000,2024-06-11 22:47:59.000,146,2.7697446,156.41357,15.077789,UTC-0300,rCXGezyjDZ,com.sec.android.app.shealth,2024-06-11 22:47:59.000,5c9ac763-3eea-bf25-7868-2c6deedeb4b0,
,,153,0,2024-06-11 22:48:00.000,,,2024-06-11 22:48:59.000,2024-06-11 22:48:59.000,153,2.8912926,168.31494,16.676025,UTC-0300,rCXGezyjDZ,com.sec.android.app.shealth,2024-06-11 22:48:59.000,999f0fac-44ca-c183-7b29-593e876496dc,
,,152,0,2024-06-11 22:49:00.000,,,2024-06-11 22:49:59.000,2024-06-11 22:49:59.000,152,2.9017706,167.21484,16.561401,UTC-0300,rCXGezyjDZ,com.sec.android.app.shealth,2024-06-11 22:49:59.000,3da0f89a-d15d-7283-5165-a2514d6ef10f,
,,125,5,2024-06-11 22:50:00.000,,,2024-06-11 22:51:58.000,2024-06-11 22:50:59.000,130,2.768945,141.51245,13.914124,UTC-0300,rCXGezyjDZ,com.sec.android.app.shealth,2024-06-11 22:50:59.000,d23bae90-7da0-df2b-61db-278e050b2811,
,,0,41,2024-06-11 22:51:00.000,,,2024-06-11 22:51:59.000,2024-06-11 22:51:59.000,41,1.3025666,32.802002,2.1399536,UTC-0300,rCXGezyjDZ,com.sec.android.app.shealth,2024-06-11 22:51:59.000,8422e19d-6812-f5c4-45b7-be4bb0a0b57f,
,,0,20,2024-06-11 22:54:00.000,,,2024-06-11 22:54:59.000,2024-06-11 22:54:59.000,20,1.2870489,16.000977,1.045227,UTC-0300,rCXGezyjDZ,com.sec.android.app.shealth,2024-06-11 22:54:59.000,232fce74-798e-57d3-57c8-9fff2bb4ff69,
,,0,62,2024-06-11 22:55:00.000,,,2024-06-11 22:55:59.000,2024-06-11 22:55:59.000,62,1.4681338,49.603027,3.209259,UTC-0300,rCXGezyjDZ,com.sec.android.app.shealth,2024-06-11 22:55:59.000,98b1cae4-b93b-22d0-d492-dfa3457a6e5d,
,,0,53,2024-06-11 22:56:00.000,,,2024-06-11 22:56:59.000,2024-06-11 22:56:59.000,53,1.3589873,42.402588,2.7408447,UTC-0300,rCXGezyjDZ,com.sec.android.app.shealth,2024-06-11 22:56:59.000,0357bb05-2a3a-f6c6-52b6-73f501f59d0d,
,,0,19,2024-06-11 22:57:00.000,,,2024-06-11 22:57:59.000,2024-06-11 22:57:59.000,19,1.2890157,15.200928,1.0160217,UTC-0300,rCXGezyjDZ,com.sec.android.app.shealth,2024-06-11 22:57:59.000,0515bd83-c8ec-d5af-5dca-ea490dec0e70,
,,0,18,2024-06-11 22:58:00.000,,,2024-06-11 22:58:59.000,2024-06-11 22:58:59.000,18,1.1847727,14.400879,0.9614563,UTC-0300,rCXGezyjDZ,com.sec.android.app.shealth,2024-06-11 22:58:59.000,b3ab0c49-0e0d-b455-84bf-e5b459c02004,
,,0,42,2024-06-11 23:03:00.000,,,2024-06-12 21:36:26.000,2024-06-11 23:03:59.000,42,1.2446495,33.60205,2.2330627,UTC-0300,rCXGezyjDZ,com.sec.android.app.shealth,2024-06-11 23:03:59.000,4efdc959-d597-9b71-d2b3-5914614ce6ab,
,,10,10,2024-06-17 21:15:00.000,,,2024-06-17 21:15:59.000,2024-06-17 21:15:59.000,20,2.1789844,17.500002,1.279619,UTC-0300,rCXGezyjDZ,com.sec.android.app.shealth,2024-06-17 21:15:59.000,ac7b6610-e672-a363-a5c8-fd6166891ed3,
,,0,23,2024-06-17 21:17:00.000,,,2024-06-17 21:17:59.000,2024-06-17 21:17:59.000,23,1.5774701,18.399984,1.1611607,UTC-0300,rCXGezyjDZ,com.sec.android.app.shealth,2024-06-17 21:17:59.000,de3a0180-82ae-6c0a-ccba-93b027601de3,
,,0,62,2024-06-17 21:20:00.000,,,2024-06-17 21:20:59.000,2024-06-17 21:20:59.000,62,1.3635947,53.799988,3.9591079,UTC-0300,rCXGezyjDZ,com.sec.android.app.shealth,2024-06-17 21:20:59.000,8e1770e0-12e7-612b-a3bd-f2655b91351c,
,,0,15,2024-06-17 21:22:00.000,,,2024-06-17 21:23:12.000,2024-06-17 21:22:59.000,15,1.5476191,12.000038,0.74331,UTC-0300,rCXGezyjDZ,com.sec.android.app.shealth,2024-06-17 21:22:59.000,e38bd655-b230-9bf6-a711-c9248ad55a60,
,,0,52,2024-06-17 21:50:00.000,,,2024-06-17 21:50:59.000,2024-06-17 21:50:59.000,52,1.3929865,41.600143,2.681312,UTC-0300,rCXGezyjDZ,com.sec.android.app.shealth,2024-06-17 21:50:59.000,b4a8f386-5bc3-046c-8d86-6dfbd1cb3f91,
,,0,19,2024-06-17 21:58:00.000,,,2024-06-17 21:58:59.000,2024-06-17 21:58:59.000,19,1.3360043,15.200058,1.0000982,UTC-0300,rCXGezyjDZ,com.sec.android.app.shealth,2024-06-17 21:58:59.000,652b8f48-0f12-76aa-ede9-9abbd89138ec,
,,0,15,2024-06-17 21:59:00.000,,,2024-06-17 21:59:59.000,2024-06-17 21:59:59.000,15,1.0998319,12.000046,0.8065748,UTC-0300,rCXGezyjDZ,com.sec.android.app.shealth,2024-06-17 21:59:59.000,60bd5bee-9b4e-17dd-cc79-9c898938ab78,
,,0,19,2024-06-17 22:15:00.000,,,2024-06-17 22:15:59.000,2024-06-17 22:15:59.000,19,1.1712844,15.200058,1.0468178,UTC-0300,rCXGezyjDZ,com.sec.android.app.shealth,2024-06-17 22:15:59.000,7e35a1b8-4fff-da6b-9b4f-efa2bc8b21c4,
,,0,42,2024-06-17 22:23:00.000,,,2024-06-17 22:23:59.000,2024-06-17 22:23:59.000,42,1.3256961,33.60013,2.2143822,UTC-0300,rCXGezyjDZ,com.sec.android.app.shealth,2024-06-17 22:23:59.000,b04db503-2fee-ef6f-49ef-3af54a5f5f99,
,,0,10,2024-06-17 22:28:00.000,,,2024-06-17 22:28:59.000,2024-06-17 22:28:59.000,10,1.5555556,8.0000305,0.5140228,UTC-0300,rCXGezyjDZ,com.sec.android.app.shealth,2024-06-17 22:28:59.000,a5c975a4-c41e-d461-e3ee-bf1b9dd0eb62,
,,0,29,2024-06-17 22:31:00.000,,,2024-06-17 22:31:59.000,2024-06-17 22:31:59.000,29,1.3586001,23.200089,1.5356417,UTC-0300,rCXGezyjDZ,com.sec.android.app.shealth,2024-06-17 22:31:59.000,39d43486-6962-6f34-7ac4-3ccf8ea72406,
,,0,20,2024-06-17 22:34:00.000,,,2024-06-17 22:42:21.000,2024-06-17 22:34:59.000,20,1.2292827,15.999954,1.0367908,UTC-0300,rCXGezyjDZ,com.sec.android.app.shealth,2024-06-17 22:34:59.000,63d54490-ca90-d2d2-92fc-2121c58a4c88,
,,0,29,2024-06-17 22:53:00.000,,,2024-06-17 22:53:59.000,2024-06-17 22:53:59.000,29,1.110199,23.199707,1.4922237,UTC-0300,rCXGezyjDZ,com.sec.android.app.shealth,2024-06-17 22:53:59.000,2aa694e9-1422-9655-9916-3606e07471d8,
,,0,36,2024-06-17 22:54:00.000,,,2024-06-17 22:54:59.000,2024-06-17 22:54:59.000,36,1.353794,28.799652,1.8722191,UTC-0300,rCXGezyjDZ,com.sec.android.app.shealth,2024-06-17 22:54:59.000,f4cbf299-9518-d51b-bcb6-da2e8cb5f04d,
,,0,18,2024-06-17 22:55:00.000,,,2024-06-17 22:55:59.000,2024-06-17 22:55:59.000,18,1.6398256,14.399902,0.9089222,UTC-0300,rCXGezyjDZ,com.sec.android.app.shealth,2024-06-17 22:55:59.000,08197cb8-0c2d-a03e-b093-f64363ad9af2,
,,0,18,2024-06-17 22:56:00.000,,,2024-06-17 22:56:59.000,2024-06-17 22:56:59.000,18,1.8604796,14.39978,0.9274616,UTC-0300,rCXGezyjDZ,com.sec.android.app.shealth,2024-06-17 22:56:59.000,101d1653-1b6e-5f00-bea5-bd0d39a0c22b,
,,0,40,2024-06-17 22:57:00.000,,,2024-06-17 22:57:59.000,2024-06-17 22:57:59.000,40,1.4720337,31.999603,2.0303688,UTC-0300,rCXGezyjDZ,com.sec.android.app.shealth,2024-06-17 22:57:59.000,8301c9c6-9436-1ca1-973e-fd90340300d3,
,,22,7,2024-06-17 23:01:00.000,,,2024-06-17 23:01:59.000,2024-06-17 23:01:59.000,29,2.4971113,26.499878,2.0855865,UTC-0300,rCXGezyjDZ,com.sec.android.app.shealth,2024-06-17 23:01:59.000,b4d1ce0c-3fb1-6703-7880-af72c5d80b18,
,,0,15,2024-06-17 23:02:00.000,,,2024-06-19 00:30:32.000,2024-06-17 23:02:59.000,15,1.0833333,11.999847,0.8033695,UTC-0300,rCXGezyjDZ,com.sec.android.app.shealth,2024-06-17 23:02:59.000,76ad0ca4-0574-deb1-b65f-0b91c22b9008,
,,20,48,2024-06-19 21:18:00.000,,,2024-06-19 21:18:59.000,2024-06-19 21:18:59.000,68,2.469618,60.399952,4.6202674,UTC-0300,rCXGezyjDZ,com.sec.android.app.shealth,2024-06-19 21:18:59.000,5271fda0-146e-febf-a80a-83019eaf18c6,
,,0,53,2024-06-19 21:19:00.000,,,2024-06-19 21:19:59.000,2024-06-19 21:19:59.000,53,1.3941964,43.000103,2.7969136,UTC-0300,rCXGezyjDZ,com.sec.android.app.shealth,2024-06-19 21:19:59.000,67ec31c3-9adf-f600-0b90-9209cfd31021,
,,0,8,2024-06-19 21:20:00.000,,,2024-06-19 21:21:53.000,2024-06-19 21:20:59.000,8,1.2668893,6.4000244,0.4244008,UTC-0300,rCXGezyjDZ,com.sec.android.app.shealth,2024-06-19 21:20:59.000,5f8a5819-a82f-dedd-84c1-467ff588321e,
,,0,27,2024-06-19 21:21:00.000,,,2024-06-19 21:23:37.000,2024-06-19 21:21:59.000,27,1.4927274,21.90004,1.403379,UTC-0300,rCXGezyjDZ,com.sec.android.app.shealth,2024-06-19 21:21:59.000,2503d7d1-ad66-bec7-1622-9861b4ab23c1,
,,0,19,2024-06-19 21:23:00.000,,,2024-06-19 21:23:59.000,2024-06-19 21:23:59.000,19,1.2876751,15.200058,1.0075016,UTC-0300,rCXGezyjDZ,com.sec.android.app.shealth,2024-06-19 21:23:59.000,d23023ed-5839-f287-dbf5-2c92e74a4d7c,
,,0,25,2024-06-19 21:24:00.000,,,2024-06-19 21:24:59.000,2024-06-19 21:24:59.000,25,1.4204942,20.000076,1.3152943,UTC-0300,rCXGezyjDZ,com.sec.android.app.shealth,2024-06-19 21:24:59.000,9ee3897d-f0e6-5e11-9edd-bae895ec1d3e,
,,0,13,2024-06-19 21:25:00.000,,,2024-06-19 21:26:22.000,2024-06-19 21:25:59.000,13,1.5235672,10.40004,0.68447876,UTC-0300,rCXGezyjDZ,com.sec.android.app.shealth,2024-06-19 21:25:59.000,39f92858-0039-249c-256c-27e470b46fae,
,,0,15,2024-06-19 22:11:00.000,,,2024-06-19 22:11:59.000,2024-06-19 22:11:59.000,15,1.7424241,12.000046,0.7754698,UTC-0300,rCXGezyjDZ,com.sec.android.app.shealth,2024-06-19 22:11:59.000,61e68a22-e882-aca4-61d8-a82749a89f9e,
,,0,18,2024-06-19 22:31:00.000,,,2024-06-19 22:31:59.000,2024-06-19 22:31:59.000,18,1.5794206,14.400055,0.9211025,UTC-0300,rCXGezyjDZ,com.sec.android.app.shealth,2024-06-19 22:31:59.000,5c467905-887b-5af6-ed91-7d06332796d3,
,,1,54,2024-06-19 22:32:00.000,,,2024-06-19 22:32:59.000,2024-06-19 22:32:59.000,55,1.6776327,44.30017,2.8456888,UTC-0300,rCXGezyjDZ,com.sec.android.app.shealth,2024-06-19 22:32:59.000,431c756a-3336-7130-7f66-8fa715a6c7bb,
,,0,62,2024-06-19 22:33:00.000,,,2024-06-19 22:33:59.000,2024-06-19 22:33:59.000,62,1.405728,49.599472,3.2072544,UTC-0300,rCXGezyjDZ,com.sec.android.app.shealth,2024-06-19 22:33:59.000,1f0fe684-cd9b-7fce-a9b3-ca39fdc497bf,
,,0,26,2024-06-19 22:34:00.000,,,2024-06-19 22:34:59.000,2024-06-19 22:34:59.000,26,1.1779065,20.799866,1.3734703,UTC-0300,rCXGezyjDZ,com.sec.android.app.shealth,2024-06-19 22:34:59.000,41469941-1c8a-962d-1676-8ee7cdf93cad,
,,0,46,2024-06-19 22:37:00.000,,,2024-06-19 22:37:59.000,2024-06-19 22:37:59.000,46,1.4149758,36.799683,2.3631935,UTC-0300,rCXGezyjDZ,com.sec.android.app.shealth,2024-06-19 22:37:59.000,14a88256-90d5-fe8f-1f81-c258c21ba360,
,,0,17,2024-06-19 22:40:00.000,,,2024-06-19 22:40:59.000,2024-06-19 22:40:59.000,17,1.2429973,13.5997925,0.9008293,UTC-0300,rCXGezyjDZ,com.sec.android.app.shealth,2024-06-19 22:40:59.000,71cb107a-9570-ea7f-5b01-d3b805e924d4,
,,0,15,2024-06-19 22:44:00.000,,,2024-06-19 22:45:46.000,2024-06-19 22:44:59.000,15,1.5384617,11.999878,0.7877636,UTC-0300,rCXGezyjDZ,com.sec.android.app.shealth,2024-06-19 22:44:59.000,0da6b550-3bfa-a583-baba-4c1bc129fa77,
,,0,10,2024-06-19 22:46:00.000,,,2024-06-19 22:46:59.000,2024-06-19 22:46:59.000,10,1.2761906,7.9999084,0.52568626,UTC-0300,rCXGezyjDZ,com.sec.android.app.shealth,2024-06-19 22:46:59.000,5c91609e-33ed-2b5a-248d-66d477a14a8c,
,,0,19,2024-06-19 23:06:00.000,,,2024-06-19 23:06:59.000,2024-06-19 23:06:59.000,19,1.1345899,15.19986,0.96894073,UTC-0300,rCXGezyjDZ,com.sec.android.app.shealth,2024-06-19 23:06:59.000,ba4cdc3e-8423-a404-82ab-fb713006f757,
,,0,16,2024-06-19 23:07:00.000,,,2024-06-20 19:17:04.000,2024-06-19 23:07:59.000,16,1.417004,12.799835,0.8203678,UTC-0300,rCXGezyjDZ,com.sec.android.app.shealth,2024-06-19 23:07:59.000,82fc28da-55b2-e316-c3a7-dac8a36d6250,
,,9,51,2024-06-23 12:13:00.000,,,2024-06-23 12:13:59.000,2024-06-23 12:13:59.000,60,1.6792208,50.69998,3.5428514,UTC-0300,rCXGezyjDZ,com.sec.android.app.shealth,2024-06-23 12:13:59.000,afeffe3b-2680-d37b-26a3-805c39e81e37,
,,0,28,2024-06-23 12:14:00.000,,,2024-06-23 12:14:59.000,2024-06-23 12:14:59.000,28,1.1960673,22.400017,1.4756856,UTC-0300,rCXGezyjDZ,com.sec.android.app.shealth,2024-06-23 12:14:59.000,67c7fd77-53a3-8cdf-e556-72cd3a118e9b,
,,0,40,2024-06-23 12:16:00.000,,,2024-06-23 12:16:59.000,2024-06-23 12:16:59.000,40,1.5984355,33.200066,2.2434006,UTC-0300,rCXGezyjDZ,com.sec.android.app.shealth,2024-06-23 12:16:59.000,a5efba0d-7ca8-8f51-39b9-09ee1429719f,
,,1,39,2024-06-23 12:18:00.000,,,2024-06-23 12:18:59.000,2024-06-23 12:18:59.000,40,1.4079809,32.600098,2.1604877,UTC-0300,rCXGezyjDZ,com.sec.android.app.shealth,2024-06-23 12:18:59.000,fedf3629-1c07-bbb9-6f3e-71a6c291b06e,
,,0,16,2024-06-23 12:20:00.000,,,2024-06-23 12:20:59.000,2024-06-23 12:20:59.000,16,1.1033332,12.800049,0.81692886,UTC-0300,rCXGezyjDZ,com.sec.android.app.shealth,2024-06-23 12:20:59.000,c38555af-15e7-8557-60c9-b8acf8b6f75d,
,,0,31,2024-06-23 12:22:00.000,,,2024-06-23 12:22:59.000,2024-06-23 12:22:59.000,31,1.2420342,24.800095,1.6586409,UTC-0300,rCXGezyjDZ,com.sec.android.app.shealth,2024-06-23 12:22:59.000,cd993fb8-16b7-a1f3-247c-6113cf029edb,
,,17,58,2024-06-23 12:23:00.000,,,2024-06-23 12:23:59.000,2024-06-23 12:23:59.000,75,2.414441,65.10028,4.7782917,UTC-0300,rCXGezyjDZ,com.sec.android.app.shealth,2024-06-23 12:23:59.000,3580748d-0e57-7db9-009b-4dca4aa982bd,
,,0,13,2024-06-23 12:25:00.000,,,2024-06-23 12:25:59.000,2024-06-23 12:25:59.000,13,1.1929826,10.40004,0.6910114,UTC-0300,rCXGezyjDZ,com.sec.android.app.shealth,2024-06-23 12:25:59.000,04da3cf3-c7cd-2ada-dbb7-aeec3cf0db77,
,,0,11,2024-06-23 12:26:00.000,,,2024-06-23 12:26:59.000,2024-06-23 12:26:59.000,11,1.2698412,8.799942,0.57424736,UTC-0300,rCXGezyjDZ,com.sec.android.app.shealth,2024-06-23 12:26:59.000,37f7e809-dab1-e09b-6ae8-ec2bd626f45b,
,,0,26,2024-06-23 12:27:00.000,,,2024-06-23 12:27:59.000,2024-06-23 12:27:59.000,26,1.4168812,20.799805,1.3302231,UTC-0300,rCXGezyjDZ,com.sec.android.app.shealth,2024-06-23 12:27:59.000,b0bdeb26-ecc1-5d23-fb18-b610f09cbb89,
,,0,36,2024-06-23 12:28:00.000,,,2024-06-23 12:28:59.000,2024-06-23 12:28:59.000,36,1.3943689,28.799622,1.8732834,UTC-0300,rCXGezyjDZ,com.sec.android.app.shealth,2024-06-23 12:28:59.000,c55fa525-bad4-b969-596d-b017c864b557,
,,0,16,2024-06-23 12:29:00.000,,,2024-06-23 12:29:59.000,2024-06-23 12:29:59.000,16,1.5430392,12.799835,0.84246445,UTC-0300,rCXGezyjDZ,com.sec.android.app.shealth,2024-06-23 12:29:59.000,c4d84b2f-48ec-738d-e07a-6d3b43fd5439,
,,0,13,2024-06-23 12:30:00.000,,,2024-06-23 12:30:59.000,2024-06-23 12:30:59.000,13,1.062745,10.399872,0.694397,UTC-0300,rCXGezyjDZ,com.sec.android.app.shealth,2024-06-23 12:30:59.000,4fc282a5-dc0f-9668-f39b-577235fec9c7,
,,0,71,2024-06-23 12:33:00.000,,,2024-06-23 12:33:59.000,2024-06-23 12:33:59.000,71,1.3848296,56.79956,3.7248154,UTC-0300,rCXGezyjDZ,com.sec.android.app.shealth,2024-06-23 12:33:59.000,42e2e81d-9b92-d027-fb51-38782d2f450c,
,,0,18,2024-06-23 12:34:00.000,,,2024-06-23 12:34:59.000,2024-06-23 12:34:59.000,18,1.1264021,14.399811,0.9962387,UTC-0300,rCXGezyjDZ,com.sec.android.app.shealth,2024-06-23 12:34:59.000,80573289-f40e-1157-d33c-ba2cd3b6dee6,
,,0,12,2024-06-23 12:38:00.000,,,2024-06-23 12:38:59.000,2024-06-23 12:38:59.000,12,1.5340909,9.5998535,0.60354424,UTC-0300,rCXGezyjDZ,com.sec.android.app.shealth,2024-06-23 12:38:59.000,939b3fdf-2c48-f610-a488-36aae62392a9,
,,0,10,2024-06-23 12:40:00.000,,,2024-06-23 12:40:59.000,2024-06-23 12:40:59.000,10,1.04,7.999878,0.5363693,UTC-0300,rCXGezyjDZ,com.sec.android.app.shealth,2024-06-23 12:40:59.000,ce3e35a8-b821-25ee-20a7-8dfe0cc183f9,
,,0,21,2024-06-23 12:45:00.000,,,2024-06-23 12:45:59.000,2024-06-23 12:45:59.000,21,1.3212656,16.799835,1.0571175,UTC-0300,rCXGezyjDZ,com.sec.android.app.shealth,2024-06-23 12:45:59.000,ffad0656-2881-dc8c-2843-591432521945,
,,0,35,2024-06-23 12:46:00.000,,,2024-06-23 12:46:59.000,2024-06-23 12:46:59.000,35,1.2638334,27.999603,1.8410797,UTC-0300,rCXGezyjDZ,com.sec.android.app.shealth,2024-06-23 12:46:59.000,b12ac0d6-8930-aad7-fe3d-7f5e16aeba61,
,,0,10,2024-06-23 12:47:00.000,,,2024-06-23 12:47:59.000,2024-06-23 12:47:59.000,10,1.3574661,7.999939,0.5307121,UTC-0300,rCXGezyjDZ,com.sec.android.app.shealth,2024-06-23 12:47:59.000,acc66a08-be7a-74fc-1d50-3a0f81b8e00c,
,,0,34,2024-06-23 12:48:00.000,,,2024-06-23 12:48:59.000,2024-06-23 12:48:59.000,34,1.3193712,27.199799,1.7618484,UTC-0300,rCXGezyjDZ,com.sec.android.app.shealth,2024-06-23 12:48:59.000,92f55194-47ec-6049-4fde-e8a170f6e449,
,,0,21,2024-06-23 12:49:00.000,,,2024-06-23 12:49:59.000,2024-06-23 12:49:59.000,21,1.4175086,18.299835,1.3459091,UTC-0300,rCXGezyjDZ,com.sec.android.app.shealth,2024-06-23 12:49:59.000,ea29f600-44ec-86c6-08ce-2995af4460f3,
,,0,38,2024-06-23 12:50:00.000,,,2024-06-23 12:50:59.000,2024-06-23 12:50:59.000,38,1.4704697,30.399536,1.9306412,UTC-0300,rCXGezyjDZ,com.sec.android.app.shealth,2024-06-23 12:50:59.000,dbbc3344-f47b-2529-d87f-16c62879931e,
,,0,17,2024-06-23 12:54:00.000,,,2024-06-23 12:54:59.000,2024-06-23 12:54:59.000,17,1.5633255,14.499756,0.9978943,UTC-0300,rCXGezyjDZ,com.sec.android.app.shealth,2024-06-23 12:54:59.000,7e0ebd08-a501-e1d8-de00-97210da093e5,
,,0,43,2024-06-23 12:55:00.000,,,2024-06-23 12:55:59.000,2024-06-23 12:55:59.000,43,1.6059463,34.399475,2.1348038,UTC-0300,rCXGezyjDZ,com.sec.android.app.shealth,2024-06-23 12:55:59.000,3763a34b-0df4-8e02-73de-4206ef42c6bd,
,,0,86,2024-06-23 12:56:00.000,,,2024-06-23 12:56:59.000,2024-06-23 12:56:59.000,86,1.4964405,68.79895,4.344734,UTC-0300,rCXGezyjDZ,com.sec.android.app.shealth,2024-06-23 12:56:59.000,788c528c-6148-a69c-f0bf-57693a1a199c,
,,0,58,2024-06-23 12:57:00.000,,,2024-06-23 12:57:59.000,2024-06-23 12:57:59.000,58,1.336816,46.399292,2.9634705,UTC-0300,rCXGezyjDZ,com.sec.android.app.shealth,2024-06-23 12:57:59.000,0801d2fa-211a-07a7-1b80-bf3f857aee49,
,,0,30,2024-06-23 12:58:00.000,,,2024-06-23 12:58:59.000,2024-06-23 12:58:59.000,30,1.4418347,23.999634,1.5196266,UTC-0300,rCXGezyjDZ,com.sec.android.app.shealth,2024-06-23 12:58:59.000,bebb7072-2ff0-05f5-10f9-054dd92a6d7b,
,,0,15,2024-06-23 12:59:00.000,,,2024-06-23 12:59:59.000,2024-06-23 12:59:59.000,15,1.1828115,11.999817,0.79691315,UTC-0300,rCXGezyjDZ,com.sec.android.app.shealth,2024-06-23 12:59:59.000,5e292e5e-462e-295a-fd20-d247b3f13804,
,,0,16,2024-06-23 13:19:00.000,,,2024-06-23 13:19:59.000,2024-06-23 13:19:59.000,16,1.6508492,12.799805,0.7975426,UTC-0300,rCXGezyjDZ,com.sec.android.app.shealth,2024-06-23 13:19:59.000,745e1da0-024e-1e8c-e02c-06370ee24809,
,,0,34,2024-06-23 13:20:00.000,,,2024-06-23 13:20:59.000,2024-06-23 13:20:59.000,34,1.3774302,27.199585,1.7109604,UTC-0300,rCXGezyjDZ,com.sec.android.app.shealth,2024-06-23 13:20:59.000,5b69e5fb-ebe3-d012-1f3c-ec976d9c375f,
,,0,22,2024-06-23 13:42:00.000,,,2024-06-23 13:42:59.000,2024-06-23 13:42:59.000,22,1.5031482,17.599731,1.09161,UTC-0300,rCXGezyjDZ,com.sec.android.app.shealth,2024-06-23 13:42:59.000,69d1c427-64fc-cfcb-b0b6-fbff60b91c8e,
,,0,16,2024-06-23 14:22:00.000,,,2024-06-23 14:22:59.000,2024-06-23 14:22:59.000,16,1.909091,12.799805,0.7967262,UTC-0300,rCXGezyjDZ,com.sec.android.app.shealth,2024-06-23 14:22:59.000,8375d1bc-abc2-8010-3402-d028a047bf1c,
,,0,11,2024-06-23 14:41:00.000,,,2024-06-23 14:41:59.000,2024-06-23 14:41:59.000,11,1.9625602,8.799866,0.551136,UTC-0300,rCXGezyjDZ,com.sec.android.app.shealth,2024-06-23 14:41:59.000,f57e240a-6dd0-8ffa-cee9-ef09a1229c3f,
,,0,15,2024-06-23 14:47:00.000,,,2024-06-23 14:47:59.000,2024-06-23 14:47:59.000,15,1.2916666,11.999817,0.76852417,UTC-0300,rCXGezyjDZ,com.sec.android.app.shealth,2024-06-23 14:47:59.000,0665d817-223f-c3b6-0b6a-e584e380e391,
,,0,16,2024-06-23 14:52:00.000,,,2024-06-23 14:52:59.000,2024-06-23 14:52:59.000,16,1.3468014,13.399841,0.91721725,UTC-0300,rCXGezyjDZ,com.sec.android.app.shealth,2024-06-23 14:52:59.000,49a0f846-465a-6069-fdbe-70928bda0880,
,,0,23,2024-06-23 14:53:00.000,,,2024-06-23 14:53:59.000,2024-06-23 14:53:59.000,23,1.6507828,18.39972,1.188427,UTC-0300,rCXGezyjDZ,com.sec.android.app.shealth,2024-06-23 14:53:59.000,49c18f94-a5de-35f7-e5a8-93dfac8fca5d,
,,0,23,2024-06-23 15:00:00.000,,,2024-06-23 15:00:59.000,2024-06-23 15:00:59.000,23,1.5658076,18.39972,1.1945419,UTC-0300,rCXGezyjDZ,com.sec.android.app.shealth,2024-06-23 15:00:59.000,92b399b8-81a7-68ff-cca8-508f9c77a975,
,,0,29,2024-06-23 15:04:00.000,,,2024-06-23 15:04:59.000,2024-06-23 15:04:59.000,29,1.3687979,23.199646,1.4934464,UTC-0300,rCXGezyjDZ,com.sec.android.app.shealth,2024-06-23 15:04:59.000,5b42074a-ea32-1e57-11bd-46002fe0ccf1,
,,0,30,2024-06-23 15:07:00.000,,,2024-06-23 15:07:59.000,2024-06-23 15:07:59.000,30,1.3808109,23.999634,1.5749359,UTC-0300,rCXGezyjDZ,com.sec.android.app.shealth,2024-06-23 15:07:59.000,468bc8aa-c955-39ef-9bbe-bfee0d982dd5,
,,3,74,2024-06-23 15:08:00.000,,,2024-06-23 15:08:59.000,2024-06-23 15:08:59.000,77,1.5878398,62.499023,4.090355,UTC-0300,rCXGezyjDZ,com.sec.android.app.shealth,2024-06-23 15:08:59.000,1c7c007c-5fab-4bc1-298c-a8b2a23c8ec6,
,,0,77,2024-06-23 15:09:00.000,,,2024-06-23 15:09:59.000,2024-06-23 15:09:59.000,77,1.3812244,61.60138,3.9691467,UTC-0300,rCXGezyjDZ,com.sec.android.app.shealth,2024-06-23 15:09:59.000,f39e5f0f-a68a-5732-e99a-7c90cbcdda2a,
,,0,39,2024-06-23 15:12:00.000,,,2024-06-23 15:12:59.000,2024-06-23 15:12:59.000,39,1.4137113,31.201172,2.0571213,UTC-0300,rCXGezyjDZ,com.sec.android.app.shealth,2024-06-23 15:12:59.000,3278cd31-82ca-2402-a760-4b5febead3b6,
,,0,20,2024-06-23 15:13:00.000,,,2024-06-23 15:13:59.000,2024-06-23 15:13:59.000,20,1.4220968,16.000732,1.0650101,UTC-0300,rCXGezyjDZ,com.sec.android.app.shealth,2024-06-23 15:13:59.000,bcfb3b67-9638-c9ce-011b-a3377cd9f4c2,
,,0,15,2024-06-23 15:17:00.000,,,2024-06-23 15:17:59.000,2024-06-23 15:17:59.000,15,1.0526316,12.000366,0.796051,UTC-0300,rCXGezyjDZ,com.sec.android.app.shealth,2024-06-23 15:17:59.000,5b682d37-ae8e-23ed-d286-5c0516b22edf,
,,0,20,2024-06-23 15:20:00.000,,,2024-06-23 15:20:59.000,2024-06-23 15:20:59.000,20,1.2269796,16.000488,1.00914,UTC-0300,rCXGezyjDZ,com.sec.android.app.shealth,2024-06-23 15:20:59.000,fd7e00f9-ce6e-c861-ebf7-956b38904635,
,,0,56,2024-06-23 18:16:00.000,,,2024-06-23 18:16:59.000,2024-06-23 18:16:59.000,56,1.4440387,44.802124,2.8767395,UTC-0300,rCXGezyjDZ,com.sec.android.app.shealth,2024-06-23 18:16:59.000,caa33e04-caae-dff9-b03e-501eda0b5600,
,,0,26,2024-06-23 18:17:00.000,,,2024-06-23 18:17:59.000,2024-06-23 18:17:59.000,26,1.5720152,20.800781,1.2980804,UTC-0300,rCXGezyjDZ,com.sec.android.app.shealth,2024-06-23 18:17:59.000,4a3cdf4c-6b04-9fc4-3dc3-bc91d3820df9,
,,10,9,2024-06-23 18:18:00.000,,,2024-06-23 18:18:59.000,2024-06-23 18:18:59.000,19,1.6133962,16.100586,1.1220169,UTC-0300,rCXGezyjDZ,com.sec.android.app.shealth,2024-06-23 18:18:59.000,6879f57d-c2a0-e70f-cde6-a283f8923df3,
,,17,2,2024-06-23 18:20:00.000,,,2024-06-23 18:20:59.000,2024-06-23 18:20:59.000,19,1.7743226,16.400513,1.2082825,UTC-0300,rCXGezyjDZ,com.sec.android.app.shealth,2024-06-23 18:20:59.000,8c67be77-5d85-2247-15a5-8dfb3a63de48,
,,0,34,2024-06-23 18:22:00.000,,,2024-06-23 18:22:59.000,2024-06-23 18:22:59.000,34,1.6140199,27.201294,1.6931,UTC-0300,rCXGezyjDZ,com.sec.android.app.shealth,2024-06-23 18:22:59.000,bbc17f46-1f8c-ec03-1db4-c2c56036d6d5,
,,0,29,2024-06-23 18:23:00.000,,,2024-06-23 18:23:59.000,2024-06-23 18:23:59.000,29,1.3626078,23.801147,1.5891342,UTC-0300,rCXGezyjDZ,com.sec.android.app.shealth,2024-06-23 18:23:59.000,f15bb9a5-d542-1311-2f07-2e3503faa3e1,
,,0,32,2024-06-23 18:24:00.000,,,2024-06-23 18:24:59.000,2024-06-23 18:24:59.000,32,1.4620221,25.601196,1.6414108,UTC-0300,rCXGezyjDZ,com.sec.android.app.shealth,2024-06-23 18:24:59.000,bcdabf6a-323c-7e3c-7541-72150c8836b2,
,,0,50,2024-06-23 18:26:00.000,,,2024-06-23 18:26:59.000,2024-06-23 18:26:59.000,50,1.4894124,40.001343,2.5174866,UTC-0300,rCXGezyjDZ,com.sec.android.app.shealth,2024-06-23 18:26:59.000,3ff2e91e-4122-9718-3413-22627b676abc,
,,0,49,2024-06-23 18:28:00.000,,,2024-06-23 18:28:59.000,2024-06-23 18:28:59.000,49,1.420169,39.201782,2.5090103,UTC-0300,rCXGezyjDZ,com.sec.android.app.shealth,2024-06-23 18:28:59.000,3224863c-c8bc-653f-9cd2-e85c66c293c0,
,,0,36,2024-06-23 18:29:00.000,,,2024-06-23 18:29:59.000,2024-06-23 18:29:59.000,36,1.2755365,28.80127,1.8833694,UTC-0300,rCXGezyjDZ,com.sec.android.app.shealth,2024-06-23 18:29:59.000,747a134e-6af0-4289-9984-082471f825c1,
,,0,29,2024-06-23 18:30:00.000,,,2024-06-23 18:45:01.000,2024-06-23 18:30:59.000,29,1.2283736,23.201294,1.5071182,UTC-0300,rCXGezyjDZ,com.sec.android.app.shealth,2024-06-23 18:30:59.000,40159877-41c1-f78a-6930-b996395ab2ed,
,,0,29,2024-06-24 21:19:00.000,,,2024-06-24 21:19:59.000,2024-06-24 21:19:59.000,29,1.533889,23.199999,1.4695826,UTC-0300,rCXGezyjDZ,com.sec.android.app.shealth,2024-06-24 21:19:59.000,fa0bf977-bc80-d15e-395e-57922c1f63b0,
,,0,10,2024-06-24 21:20:00.000,,,2024-06-24 21:20:59.000,2024-06-24 21:20:59.000,10,1.2253045,7.9999943,0.5360825,UTC-0300,rCXGezyjDZ,com.sec.android.app.shealth,2024-06-24 21:20:59.000,6b0e047d-97d4-bcdf-ad71-7e53e6790811,
,,0,27,2024-06-24 21:22:00.000,,,2024-06-24 21:22:59.000,2024-06-24 21:22:59.000,27,1.201128,21.59998,1.4286578,UTC-0300,rCXGezyjDZ,com.sec.android.app.shealth,2024-06-24 21:22:59.000,35c0b54a-aed4-d80b-9372-22ebf10610c6,
,,0,29,2024-06-24 21:23:00.000,,,2024-06-24 21:23:59.000,2024-06-24 21:23:59.000,29,1.3997521,23.20002,1.47716,UTC-0300,rCXGezyjDZ,com.sec.android.app.shealth,2024-06-24 21:23:59.000,2a222ef0-ebac-2ce5-5140-05e2c5f1b43c,
,,0,8,2024-06-24 21:24:00.000,,,2024-06-24 21:24:59.000,2024-06-24 21:24:59.000,8,1.2463567,6.400017,0.42181444,UTC-0300,rCXGezyjDZ,com.sec.android.app.shealth,2024-06-24 21:24:59.000,5ae84459-ece1-f3c1-039a-2145023d6a9a,
,,0,12,2024-06-24 21:25:00.000,,,2024-06-24 21:26:58.000,2024-06-24 21:25:59.000,12,1.1013645,9.600037,0.6511946,UTC-0300,rCXGezyjDZ,com.sec.android.app.shealth,2024-06-24 21:25:59.000,6b3fd240-151b-900a-bff7-7240ba6d1287,
,,0,24,2024-06-24 21:52:00.000,,,2024-06-24 21:52:59.000,2024-06-24 21:52:59.000,24,1.5581098,19.20005,1.2298765,UTC-0300,rCXGezyjDZ,com.sec.android.app.shealth,2024-06-24 21:52:59.000,7cbbede8-2490-d7c2-3082-3e86ef114ca5,
,,15,0,2024-06-24 21:53:00.000,,,2024-06-24 21:53:59.000,2024-06-24 21:53:59.000,15,4.0104165,13.20005,0.9878788,UTC-0300,rCXGezyjDZ,com.sec.android.app.shealth,2024-06-24 21:53:59.000,90ba7511-2131-9890-bb2a-ea4c9cad7bd4,
,,0,34,2024-06-24 21:58:00.000,,,2024-06-24 21:58:59.000,2024-06-24 21:58:59.000,34,1.24737,27.200104,1.8041668,UTC-0300,rCXGezyjDZ,com.sec.android.app.shealth,2024-06-24 21:58:59.000,92020940-35ea-5964-bb4a-76267de54d3c,
,,0,32,2024-06-24 22:23:00.000,,,2024-06-24 22:23:59.000,2024-06-24 22:23:59.000,32,1.3205714,25.600098,1.6783524,UTC-0300,rCXGezyjDZ,com.sec.android.app.shealth,2024-06-24 22:23:59.000,7214acc6-158b-f6b3-a908-4a8f70401bf8,
,,0,18,2024-06-24 22:26:00.000,,,2024-06-24 22:26:59.000,2024-06-24 22:26:59.000,18,1.4671444,14.400055,0.93465614,UTC-0300,rCXGezyjDZ,com.sec.android.app.shealth,2024-06-24 22:26:59.000,b928e454-e57f-7c2c-7e52-6cfbaa70f5ce,
,,0,22,2024-06-24 22:27:00.000,,,2024-06-24 22:27:59.000,2024-06-24 22:27:59.000,22,1.1236256,17.600067,1.1431332,UTC-0300,rCXGezyjDZ,com.sec.android.app.shealth,2024-06-24 22:27:59.000,825ccf93-09dd-519d-7463-0f3b2e3e8809,
,,0,20,2024-06-24 22:31:00.000,,,2024-06-24 22:31:59.000,2024-06-24 22:31:59.000,20,1.3439323,16.000061,1.0466738,UTC-0300,rCXGezyjDZ,com.sec.android.app.shealth,2024-06-24 22:31:59.000,d1f15ae6-c82f-ded5-bdef-6133e5b7e6aa,
,,0,50,2024-06-24 22:36:00.000,,,2024-06-24 22:36:59.000,2024-06-24 22:36:59.000,50,1.3160039,39.999847,2.5500565,UTC-0300,rCXGezyjDZ,com.sec.android.app.shealth,2024-06-24 22:36:59.000,6b0f07ea-4adc-6138-3d4d-06c44ab32e6c,
,,0,37,2024-06-24 22:40:00.000,,,2024-06-24 22:40:59.000,2024-06-24 22:40:59.000,37,1.3438811,29.59961,1.934185,UTC-0300,rCXGezyjDZ,com.sec.android.app.shealth,2024-06-24 22:40:59.000,f25eb33c-ab3d-97fa-777e-30e5c575d3b5,
,,0,30,2024-06-24 22:42:00.000,,,2024-06-24 22:42:59.000,2024-06-24 22:42:59.000,30,1.4889454,23.999756,1.4954662,UTC-0300,rCXGezyjDZ,com.sec.android.app.shealth,2024-06-24 22:42:59.000,6cc15bcd-2c4e-3b16-99bc-5b9accd1ddbb,
,,0,73,2024-06-24 22:45:00.000,,,2024-06-24 22:45:59.000,2024-06-24 22:45:59.000,73,1.6446084,58.39917,3.5850277,UTC-0300,rCXGezyjDZ,com.sec.android.app.shealth,2024-06-24 22:45:59.000,4c682a16-27b6-6a2f-45fb-91b91db65e0c,
,,0,69,2024-06-24 22:46:00.000,,,2024-06-24 22:46:59.000,2024-06-24 22:46:59.000,69,1.6257986,55.19922,3.4030037,UTC-0300,rCXGezyjDZ,com.sec.android.app.shealth,2024-06-24 22:46:59.000,c3323ab0-a47f-4e6d-0e55-15d49cac5fc2,
,,0,65,2024-06-24 22:47:00.000,,,2024-06-24 22:47:59.000,2024-06-24 22:47:59.000,65,1.7155946,51.999207,3.143797,UTC-0300,rCXGezyjDZ,com.sec.android.app.shealth,2024-06-24 22:47:59.000,f808856c-ab6e-c2a8-ed67-8cd60dc4cea6,
,,0,65,2024-06-24 22:48:00.000,,,2024-06-24 22:48:59.000,2024-06-24 22:48:59.000,65,1.7498512,51.999207,3.1377277,UTC-0300,rCXGezyjDZ,com.sec.android.app.shealth,2024-06-24 22:48:59.000,f945079e-68a4-f2c4-bcf1-11ddd5b46a14,
,,0,66,2024-06-24 22:49:00.000,,,2024-06-24 22:49:59.000,2024-06-24 22:49:59.000,66,1.7642409,52.799194,3.1676826,UTC-0300,rCXGezyjDZ,com.sec.android.app.shealth,2024-06-24 22:49:59.000,f9ad12bb-8307-f7dc-66fd-b2ad96e9444e,
,,0,72,2024-06-24 22:50:00.000,,,2024-06-24 22:50:59.000,2024-06-24 22:50:59.000,72,1.7009984,57.59912,3.4768257,UTC-0300,rCXGezyjDZ,com.sec.android.app.shealth,2024-06-24 22:50:59.000,f6dc4f7b-6ea8-df53-cea4-d05916d9619b,
,,0,66,2024-06-24 22:51:00.000,,,2024-06-24 22:51:59.000,2024-06-24 22:51:59.000,66,1.700754,52.799194,3.184063,UTC-0300,rCXGezyjDZ,com.sec.android.app.shealth,2024-06-24 22:51:59.000,ab7af884-b4a0-a5fd-e81b-91c26b7cb6bf,
,,0,62,2024-06-24 22:52:00.000,,,2024-06-24 22:52:59.000,2024-06-24 22:52:59.000,62,1.684665,49.599243,3.0132294,UTC-0300,rCXGezyjDZ,com.sec.android.app.shealth,2024-06-24 22:52:59.000,a499858c-5b79-c50d-92a2-3e99db6e8e00,
,,0,69,2024-06-24 22:53:00.000,,,2024-06-24 22:53:59.000,2024-06-24 22:53:59.000,69,1.796265,55.199158,3.3080482,UTC-0300,rCXGezyjDZ,com.sec.android.app.shealth,2024-06-24 22:53:59.000,d253178f-4995-9d40-be33-a90620b6ac16,
,,0,69,2024-06-24 22:54:00.000,,,2024-06-24 22:54:59.000,2024-06-24 22:54:59.000,69,1.8012173,55.199158,3.3063316,UTC-0300,rCXGezyjDZ,com.sec.android.app.shealth,2024-06-24 22:54:59.000,0dbf523b-fca5-de25-0948-37d6e223cf0b,
,,0,11,2024-06-24 22:55:00.000,,,2024-06-24 22:55:59.000,2024-06-24 22:55:59.000,11,1.7692308,8.799866,0.5663147,UTC-0300,rCXGezyjDZ,com.sec.android.app.shealth,2024-06-24 22:55:59.000,c97df4c7-51d1-8d54-629a-37f6d7688d26,
,,0,22,2024-06-24 23:01:00.000,,,2024-06-24 23:01:59.000,2024-06-24 23:01:59.000,22,1.1845595,17.599731,1.1327362,UTC-0300,rCXGezyjDZ,com.sec.android.app.shealth,2024-06-24 23:01:59.000,cd220977-5e22-24af-e7f7-bd3795fea071,
,,0,4,2024-06-24 23:02:00.000,,,2024-06-24 23:02:59.000,2024-06-24 23:02:59.000,4,1.8325322,3.1999512,0.1913948,UTC-0300,rCXGezyjDZ,com.sec.android.app.shealth,2024-06-24 23:02:59.000,9e637496-854a-cde8-cc2b-e4812b5b9f5c,
,,0,18,2024-06-24 23:11:00.000,,,2024-06-24 23:11:59.000,2024-06-24 23:11:59.000,18,1.3281089,14.39978,0.9247856,UTC-0300,rCXGezyjDZ,com.sec.android.app.shealth,2024-06-24 23:11:59.000,258a4d2c-1d6d-9ba8-fdc0-bdade367ef86,
,,0,17,2024-06-24 23:16:00.000,,,2024-06-24 23:16:59.000,2024-06-24 23:16:59.000,17,1.5787337,15.099731,1.1685143,UTC-0300,rCXGezyjDZ,com.sec.android.app.shealth,2024-06-24 23:16:59.000,388f753a-7c9d-6f19-34cb-0c972e453c1a,
,,0,44,2024-06-24 23:17:00.000,,,2024-06-24 23:17:59.000,2024-06-24 23:17:59.000,44,1.384179,35.199463,2.3023148,UTC-0300,rCXGezyjDZ,com.sec.android.app.shealth,2024-06-24 23:17:59.000,10f60a1d-c461-09b6-2d65-604d7e1bdd46,
,,0,27,2024-06-25 21:24:00.000,,,2024-06-25 21:24:59.000,2024-06-25 21:24:59.000,27,1.6812146,21.9,1.392771,UTC-0300,rCXGezyjDZ,com.sec.android.app.shealth,2024-06-25 21:24:59.000,68d8fcc4-1b10-ff8a-6953-1fa3c4e68c73,
,,0,41,2024-06-25 21:25:00.000,,,2024-06-25 21:29:32.000,2024-06-25 21:25:59.000,41,1.4681759,32.799973,2.0510545,UTC-0300,rCXGezyjDZ,com.sec.android.app.shealth,2024-06-25 21:25:59.000,cdd17d9e-de2b-ced2-e71f-ea6c24404f04,
,,0,15,2024-06-25 21:29:00.000,,,2024-06-25 21:31:32.000,2024-06-25 21:29:59.000,15,1.3392857,12.000004,0.75617385,UTC-0300,rCXGezyjDZ,com.sec.android.app.shealth,2024-06-25 21:29:59.000,f45e3330-c1e6-ee0b-4ece-6bb90b4e399f,
,,0,18,2024-06-25 22:02:00.000,,,2024-06-25 22:02:59.000,2024-06-25 22:02:59.000,18,1.0767235,14.40004,0.98392296,UTC-0300,rCXGezyjDZ,com.sec.android.app.shealth,2024-06-25 22:02:59.000,f6b70c93-b3c4-6923-97cf-be32407931a7,
,,0,15,2024-06-25 22:05:00.000,,,2024-06-25 22:05:59.000,2024-06-25 22:05:59.000,15,1.114551,12.0000305,0.8067455,UTC-0300,rCXGezyjDZ,com.sec.android.app.shealth,2024-06-25 22:05:59.000,fac100af-be8c-e334-8e77-715a22c18b98,
,,0,35,2024-06-25 22:11:00.000,,,2024-06-25 22:11:59.000,2024-06-25 22:11:59.000,35,1.46093,28.000069,1.7834969,UTC-0300,rCXGezyjDZ,com.sec.android.app.shealth,2024-06-25 22:11:59.000,55718a70-d036-98fe-fc59-2d4a15ca29ef,
,,0,31,2024-06-25 22:12:00.000,,,2024-06-25 22:12:59.000,2024-06-25 22:12:59.000,31,1.3778837,24.800095,1.5556073,UTC-0300,rCXGezyjDZ,com.sec.android.app.shealth,2024-06-25 22:12:59.000,5d26436c-a865-9409-6cd2-7f48ba54bfba,
,,0,13,2024-06-25 22:16:00.000,,,2024-06-25 22:16:59.000,2024-06-25 22:16:59.000,13,1.2920588,10.40004,0.66837215,UTC-0300,rCXGezyjDZ,com.sec.android.app.shealth,2024-06-25 22:16:59.000,5220c671-c87a-8aa1-7653-23c6b98cd304,
,,0,17,2024-06-25 22:30:00.000,,,2024-06-25 22:30:59.000,2024-06-25 22:30:59.000,17,1.1941313,15.40007,1.2123661,UTC-0300,rCXGezyjDZ,com.sec.android.app.shealth,2024-06-25 22:30:59.000,ee225893-5f35-ab88-bf86-3db91ac3ad9b,
,,0,22,2024-06-25 22:32:00.000,,,2024-06-25 22:32:59.000,2024-06-25 22:32:59.000,22,1.5490761,17.600067,1.1005774,UTC-0300,rCXGezyjDZ,com.sec.android.app.shealth,2024-06-25 22:32:59.000,261b1ac8-be5a-d12a-a6f4-865e4694c0e3,
,,0,64,2024-06-25 22:33:00.000,,,2024-06-25 22:33:59.000,2024-06-25 22:33:59.000,64,1.2786926,51.200195,3.3108568,UTC-0300,rCXGezyjDZ,com.sec.android.app.shealth,2024-06-25 22:33:59.000,4eceaf12-a300-fda1-aa61-8fed3fafc162,
,,0,55,2024-06-25 22:34:00.000,,,2024-06-25 22:34:59.000,2024-06-25 22:34:59.000,55,1.4352889,43.999847,2.7913837,UTC-0300,rCXGezyjDZ,com.sec.android.app.shealth,2024-06-25 22:34:59.000,a70df822-66b6-4cd6-cc88-d43b65f4f589,
,,0,76,2024-06-25 22:35:00.000,,,2024-06-25 22:35:59.000,2024-06-25 22:35:59.000,76,1.5318246,60.799408,3.8184795,UTC-0300,rCXGezyjDZ,com.sec.android.app.shealth,2024-06-25 22:35:59.000,f2e62b93-9b15-495e-657a-5da41a5179ea,
,,0,51,2024-06-25 22:36:00.000,,,2024-06-25 22:36:59.000,2024-06-25 22:36:59.000,51,1.4284955,40.79956,2.595562,UTC-0300,rCXGezyjDZ,com.sec.android.app.shealth,2024-06-25 22:36:59.000,41f6292d-c928-2997-5c9a-e6d248e3559a,
,,0,63,2024-06-25 22:37:00.000,,,2024-06-25 22:37:59.000,2024-06-25 22:37:59.000,63,1.4360394,50.39972,3.2278595,UTC-0300,rCXGezyjDZ,com.sec.android.app.shealth,2024-06-25 22:37:59.000,24e2cd5d-e034-65ab-5457-d37dd719ae06,
,,1,34,2024-06-25 22:38:00.000,,,2024-06-25 22:38:59.000,2024-06-25 22:38:59.000,35,1.5553792,28.299713,1.8490143,UTC-0300,rCXGezyjDZ,com.sec.android.app.shealth,2024-06-25 22:38:59.000,2b9e97a6-3d92-61e7-cfc9-34d7492eb960,
,,0,79,2024-06-25 22:39:00.000,,,2024-06-25 22:39:59.000,2024-06-25 22:39:59.000,79,1.2960533,63.19928,4.1066475,UTC-0300,rCXGezyjDZ,com.sec.android.app.shealth,2024-06-25 22:39:59.000,a3ecbd32-b398-3bd8-9c6a-9c4b21629ede,
,,0,61,2024-06-25 22:40:00.000,,,2024-06-25 22:40:59.000,2024-06-25 22:40:59.000,61,1.4613016,48.799255,3.1311684,UTC-0300,rCXGezyjDZ,com.sec.android.app.shealth,2024-06-25 22:40:59.000,1f6d523a-f7f7-9557-f0b0-891e9625c6c8,
,,0,37,2024-06-25 22:41:00.000,,,2024-06-25 22:42:16.000,2024-06-25 22:41:59.000,37,1.4348208,29.599548,1.8756485,UTC-0300,rCXGezyjDZ,com.sec.android.app.shealth,2024-06-25 22:41:59.000,8a25e31c-9472-aa09-9dc0-eed24ee681ed,
,,0,16,2024-06-25 22:42:00.000,,,2024-06-25 22:42:59.000,2024-06-25 22:42:59.000,16,1.0906696,12.799805,0.84218216,UTC-0300,rCXGezyjDZ,com.sec.android.app.shealth,2024-06-25 22:42:59.000,481e8779-0caf-fd9f-bebe-07612489a20c,
,,0,16,2024-06-25 22:43:00.000,,,2024-06-25 22:43:59.000,2024-06-25 22:43:59.000,16,1.6494514,12.799805,0.7969475,UTC-0300,rCXGezyjDZ,com.sec.android.app.shealth,2024-06-25 22:43:59.000,bb2d9a40-23f5-9e21-d966-08508229ae8e,
,,0,37,2024-06-25 22:44:00.000,,,2024-06-25 22:44:59.000,2024-06-25 22:44:59.000,37,1.5212271,29.599548,1.9130173,UTC-0300,rCXGezyjDZ,com.sec.android.app.shealth,2024-06-25 22:44:59.000,357a0333-cd2b-f595-b5e8-b5c33ad805a8,
,,0,12,2024-06-25 22:45:00.000,,,2024-06-25 22:45:59.000,2024-06-25 22:45:59.000,12,1.5461279,9.5998535,0.63352203,UTC-0300,rCXGezyjDZ,com.sec.android.app.shealth,2024-06-25 22:45:59.000,17b02407-13d2-f7ec-f8df-c1e1e9826276,
,,0,42,2024-06-25 22:46:00.000,,,2024-06-25 22:46:59.000,2024-06-25 22:46:59.000,42,1.1743686,33.599487,2.2421494,UTC-0300,rCXGezyjDZ,com.sec.android.app.shealth,2024-06-25 22:46:59.000,8b86d362-e0c3-3c48-319e-d5806d7953dc,
,,0,31,2024-06-25 22:47:00.000,,,2024-06-26 21:10:50.000,2024-06-25 22:47:59.000,31,1.1104643,24.799622,1.6461449,UTC-0300,rCXGezyjDZ,com.sec.android.app.shealth,2024-06-25 22:47:59.000,949093d3-6744-b3e1-6e3d-257b9c614e57,
,,0,22,2024-07-06 10:22:00.000,,,2024-07-06 10:22:59.000,2024-07-06 10:22:59.000,22,1.474866,17.600002,1.1384494,UTC-0300,rCXGezyjDZ,com.sec.android.app.shealth,2024-07-06 10:22:59.000,4a183d98-ee36-74d2-e905-a6c018528c26,
,,0,2,2024-07-06 10:23:00.000,,,2024-07-06 10:23:59.000,2024-07-06 10:23:59.000,2,1.5362319,1.6000004,0.099339604,UTC-0300,rCXGezyjDZ,com.sec.android.app.shealth,2024-07-06 10:23:59.000,c068abee-77cb-3a72-5b5a-304459d0b311,
,,0,48,2024-07-06 10:25:00.000,,,2024-07-06 10:25:59.000,2024-07-06 10:25:59.000,48,1.5722351,38.399963,2.4195547,UTC-0300,rCXGezyjDZ,com.sec.android.app.shealth,2024-07-06 10:25:59.000,45cd8980-3821-09db-479d-d7490cd4d208,
,,0,24,2024-07-06 10:26:00.000,,,2024-07-06 10:26:59.000,2024-07-06 10:26:59.000,24,1.6234839,19.200027,1.2286174,UTC-0300,rCXGezyjDZ,com.sec.android.app.shealth,2024-07-06 10:26:59.000,43c63fc7-205a-938c-c02e-acb5079b84b8,
,,0,57,2024-07-06 10:27:00.000,,,2024-07-06 10:27:59.000,2024-07-06 10:27:59.000,57,1.5567969,45.600136,2.9153647,UTC-0300,rCXGezyjDZ,com.sec.android.app.shealth,2024-07-06 10:27:59.000,51d0895b-cd83-213c-7c6a-d86d0c3b4d57,
,,0,13,2024-07-06 10:28:00.000,,,2024-07-06 10:28:59.000,2024-07-06 10:28:59.000,13,1.5121797,10.400024,0.65161514,UTC-0300,rCXGezyjDZ,com.sec.android.app.shealth,2024-07-06 10:28:59.000,17ebd967-b0e7-6d21-418d-1c2a57495f39,
,,0,14,2024-07-06 10:30:00.000,,,2024-07-06 10:30:59.000,2024-07-06 10:30:59.000,14,1.3066378,11.200043,0.7236223,UTC-0300,rCXGezyjDZ,com.sec.android.app.shealth,2024-07-06 10:30:59.000,21818284-3d01-7bab-9d56-32ad1723c634,
,,0,69,2024-07-06 10:31:00.000,,,2024-07-06 10:31:59.000,2024-07-06 10:31:59.000,69,1.2965307,55.20021,3.498252,UTC-0300,rCXGezyjDZ,com.sec.android.app.shealth,2024-07-06 10:31:59.000,6f761f29-e9c1-9a8d-b5f1-49dab88d590a,
,,0,38,2024-07-06 10:32:00.000,,,2024-07-06 10:32:59.000,2024-07-06 10:32:59.000,38,1.3954505,30.400116,1.971098,UTC-0300,rCXGezyjDZ,com.sec.android.app.shealth,2024-07-06 10:32:59.000,a3a93f43-fb80-df20-f029-babde3d7d48d,
,,0,16,2024-07-06 10:34:00.000,,,2024-07-06 10:34:59.000,2024-07-06 10:34:59.000,16,1.2732842,12.800049,0.85223675,UTC-0300,rCXGezyjDZ,com.sec.android.app.shealth,2024-07-06 10:34:59.000,7ac75a59-3d87-dc4f-b05c-cc3c226281bd,
,,16,0,2024-07-06 10:37:00.000,,,2024-07-06 10:37:59.000,2024-07-06 10:37:59.000,16,2.253344,17.000092,1.6175823,UTC-0300,rCXGezyjDZ,com.sec.android.app.shealth,2024-07-06 10:37:59.000,13660484-462f-7ccf-9e06-97808b6194a0,
,,16,63,2024-07-06 10:38:00.000,,,2024-07-06 10:38:59.000,2024-07-06 10:38:59.000,79,1.4332016,64.099335,4.0563183,UTC-0300,rCXGezyjDZ,com.sec.android.app.shealth,2024-07-06 10:38:59.000,cf222444-e3d0-9c37-72b1-72f2da6afba5,
,,0,20,2024-07-06 10:59:00.000,,,2024-07-06 10:59:59.000,2024-07-06 10:59:59.000,20,1.266323,15.999786,1.0530739,UTC-0300,rCXGezyjDZ,com.sec.android.app.shealth,2024-07-06 10:59:59.000,c20c502e-58d6-eb15-09f5-a0dd29a3f6dd,
,,0,5,2024-07-06 11:00:00.000,,,2024-07-06 11:00:59.000,2024-07-06 11:00:59.000,5,1.6788472,3.9999695,0.24562073,UTC-0300,rCXGezyjDZ,com.sec.android.app.shealth,2024-07-06 11:00:59.000,ec7ef745-cb6f-2700-f5e7-a8453b2c3204,
,,0,18,2024-07-06 11:07:00.000,,,2024-07-06 11:07:59.000,2024-07-06 11:07:59.000,18,1.3109258,14.399841,0.97629356,UTC-0300,rCXGezyjDZ,com.sec.android.app.shealth,2024-07-06 11:07:59.000,5e353920-e227-86bb-b344-0829e7ee9f46,
,,0,16,2024-07-06 11:08:00.000,,,2024-07-06 11:08:59.000,2024-07-06 11:08:59.000,16,1.2083334,12.799835,0.8404503,UTC-0300,rCXGezyjDZ,com.sec.android.app.shealth,2024-07-06 11:08:59.000,b43efcf1-d323-639b-0004-fd7c565060cf,
,,0,17,2024-07-06 11:37:00.000,,,2024-07-06 11:41:26.000,2024-07-06 11:37:59.000,17,1.438093,13.5998535,0.8479214,UTC-0300,rCXGezyjDZ,com.sec.android.app.shealth,2024-07-06 11:37:59.000,e1c28bfb-358d-424e-9b99-37a0dc66f908,
,,0,39,2024-07-06 11:43:00.000,,,2024-07-06 11:43:59.000,2024-07-06 11:43:59.000,39,1.2476066,31.199646,2.0611668,UTC-0300,rCXGezyjDZ,com.sec.android.app.shealth,2024-07-06 11:43:59.000,f6aae904-9bf7-4256-f336-84745665b388,
,,0,17,2024-07-06 11:55:00.000,,,2024-07-06 11:55:59.000,2024-07-06 11:55:59.000,17,1.2732842,13.599884,0.8920975,UTC-0300,rCXGezyjDZ,com.sec.android.app.shealth,2024-07-06 11:55:59.000,22daa2b5-5ef2-c2cb-da6f-c44920a168b9,
,,0,19,2024-07-06 11:57:00.000,,,2024-07-06 11:57:59.000,2024-07-06 11:57:59.000,19,1.2930022,15.199799,0.9481106,UTC-0300,rCXGezyjDZ,com.sec.android.app.shealth,2024-07-06 11:57:59.000,46356326-ecde-8d0e-8a95-cd119c66f46b,
,,0,23,2024-07-06 11:58:00.000,,,2024-07-06 11:58:59.000,2024-07-06 11:58:59.000,23,1.2130766,18.39972,1.2215691,UTC-0300,rCXGezyjDZ,com.sec.android.app.shealth,2024-07-06 11:58:59.000,7cbacaab-4c1f-57b4-31bc-8309b3c63cf1,
,,0,57,2024-07-06 12:00:00.000,,,2024-07-06 12:00:59.000,2024-07-06 12:00:59.000,57,1.4918653,45.599396,2.8396873,UTC-0300,rCXGezyjDZ,com.sec.android.app.shealth,2024-07-06 12:00:59.000,f9db7c68-4818-ded5-0189-9c8523ff243a,
,,4,112,2024-07-06 12:01:00.000,,,2024-07-06 12:01:59.000,2024-07-06 12:01:59.000,116,1.6936991,93.9986,5.903057,UTC-0300,rCXGezyjDZ,com.sec.android.app.shealth,2024-07-06 12:01:59.000,49e15232-1db5-1c35-351e-4d642ade8623,
,,0,114,2024-07-06 12:02:00.000,,,2024-07-06 12:02:59.000,2024-07-06 12:02:59.000,114,1.6221491,91.19861,5.5845337,UTC-0300,rCXGezyjDZ,com.sec.android.app.shealth,2024-07-06 12:02:59.000,a1642f8a-b237-a739-a5bb-5cdb651a3422,
,,0,112,2024-07-06 12:03:00.000,,,2024-07-06 12:03:59.000,2024-07-06 12:03:59.000,112,1.6201586,89.59863,5.4999695,UTC-0300,rCXGezyjDZ,com.sec.android.app.shealth,2024-07-06 12:03:59.000,34450729-389f-d9e8-4d9c-0391da3240a8,
,,0,77,2024-07-06 12:04:00.000,,,2024-07-06 12:04:59.000,2024-07-06 12:04:59.000,77,1.4335402,61.59906,3.9099998,UTC-0300,rCXGezyjDZ,com.sec.android.app.shealth,2024-07-06 12:04:59.000,73a7c79a-b572-aaf7-0607-43439deaa24d,
,,0,18,2024-07-06 12:06:00.000,,,2024-07-06 12:06:59.000,2024-07-06 12:06:59.000,18,1.1601894,14.39978,0.9313812,UTC-0300,rCXGezyjDZ,com.sec.android.app.shealth,2024-07-06 12:06:59.000,49a2e6c4-74d4-2542-1a13-caf39e8960ed,
,,0,15,2024-07-06 12:08:00.000,,,2024-07-06 12:08:59.000,2024-07-06 12:08:59.000,15,1.2916666,11.999817,0.7945709,UTC-0300,rCXGezyjDZ,com.sec.android.app.shealth,2024-07-06 12:08:59.000,4660a891-64a9-3c27-4163-8534d46b3c52,
,,0,101,2024-07-06 12:09:00.000,,,2024-07-06 12:09:59.000,2024-07-06 12:09:59.000,101,1.4869831,80.79877,5.1407585,UTC-0300,rCXGezyjDZ,com.sec.android.app.shealth,2024-07-06 12:09:59.000,aab56856-c211-9c03-c468-08b60702d53d,
,,0,104,2024-07-06 12:10:00.000,,,2024-07-06 12:10:59.000,2024-07-06 12:10:59.000,104,1.4349903,83.199585,5.1847076,UTC-0300,rCXGezyjDZ,com.sec.android.app.shealth,2024-07-06 12:10:59.000,af1233ee-df57-d427-607f-2309dd1d3a32,
,,0,94,2024-07-06 12:11:00.000,,,2024-07-06 12:11:59.000,2024-07-06 12:11:59.000,94,1.3177963,75.20459,4.8910522,UTC-0300,rCXGezyjDZ,com.sec.android.app.shealth,2024-07-06 12:11:59.000,14752d10-203a-fc87-591e-edb3c896eecd,
,,0,101,2024-07-06 12:12:00.000,,,2024-07-06 12:12:59.000,2024-07-06 12:12:59.000,101,1.3912264,80.80493,5.1660843,UTC-0300,rCXGezyjDZ,com.sec.android.app.shealth,2024-07-06 12:12:59.000,bd0905c3-5607-b0cd-170a-b3abc5be0f41,
,,0,27,2024-07-06 12:13:00.000,,,2024-07-06 12:13:59.000,2024-07-06 12:13:59.000,27,1.3914008,21.601318,1.3821716,UTC-0300,rCXGezyjDZ,com.sec.android.app.shealth,2024-07-06 12:13:59.000,1fd27803-8fee-39f4-aaf8-b89e42a27b85,
,,0,45,2024-07-06 12:14:00.000,,,2024-07-06 12:14:59.000,2024-07-06 12:14:59.000,45,1.3630633,36.00171,2.3422318,UTC-0300,rCXGezyjDZ,com.sec.android.app.shealth,2024-07-06 12:14:59.000,a53bf558-8c11-65ef-33a6-cf570d980fcb,
,,0,22,2024-07-06 12:22:00.000,,,2024-07-06 12:22:59.000,2024-07-06 12:22:59.000,22,1.3682393,17.600708,1.1146393,UTC-0300,rCXGezyjDZ,com.sec.android.app.shealth,2024-07-06 12:22:59.000,7f4b0ea3-866d-3c3e-3d07-671ed48fed37,
,,0,30,2024-07-06 12:23:00.000,,,2024-07-06 12:23:59.000,2024-07-06 12:23:59.000,30,1.3639282,24.001099,1.553566,UTC-0300,rCXGezyjDZ,com.sec.android.app.shealth,2024-07-06 12:23:59.000,cb265918-401c-ec9d-5adb-71a4f7f5b88d,
,,0,46,2024-07-06 12:24:00.000,,,2024-07-06 12:24:59.000,2024-07-06 12:24:59.000,46,1.3755454,36.801147,2.378067,UTC-0300,rCXGezyjDZ,com.sec.android.app.shealth,2024-07-06 12:24:59.000,ca6a0f15-092a-4dc1-c643-02f0bd13a7a9,
,,0,16,2024-07-06 12:25:00.000,,,2024-07-06 12:25:59.000,2024-07-06 12:25:59.000,16,1.04,12.800537,0.8472595,UTC-0300,rCXGezyjDZ,com.sec.android.app.shealth,2024-07-06 12:25:59.000,be8ade7c-7c61-5aac-d06b-fd07c519cb4a,
,,0,16,2024-07-06 12:29:00.000,,,2024-07-06 12:29:59.000,2024-07-06 12:29:59.000,16,1.3348824,12.800659,0.8335495,UTC-0300,rCXGezyjDZ,com.sec.android.app.shealth,2024-07-06 12:29:59.000,05be096a-4dad-ece0-6f4b-f454cf1f0a92,
,,0,15,2024-07-06 12:32:00.000,,,2024-07-06 12:32:59.000,2024-07-06 12:32:59.000,15,1.5908171,12.000732,0.739357,UTC-0300,rCXGezyjDZ,com.sec.android.app.shealth,2024-07-06 12:32:59.000,60d56037-a614-2615-a8ab-54a55d275432,
,,0,10,2024-07-06 12:36:00.000,,,2024-07-06 12:36:59.000,2024-07-06 12:36:59.000,10,1.04,8.000366,0.52762604,UTC-0300,rCXGezyjDZ,com.sec.android.app.shealth,2024-07-06 12:36:59.000,a53561e1-81b9-cd1b-d2a4-3c28a0bc3070,
,,0,58,2024-07-06 12:46:00.000,,,2024-07-06 12:46:59.000,2024-07-06 12:46:59.000,58,1.5178138,46.401855,2.9812775,UTC-0300,rCXGezyjDZ,com.sec.android.app.shealth,2024-07-06 12:46:59.000,18739fbf-9427-b4de-3037-7a21438e4271,
,,0,34,2024-07-06 12:47:00.000,,,2024-07-06 12:47:59.000,2024-07-06 12:47:59.000,34,1.2526989,27.20166,1.7700348,UTC-0300,rCXGezyjDZ,com.sec.android.app.shealth,2024-07-06 12:47:59.000,6c957ae6-85b5-50ee-d476-339d60152b6b,
,,0,17,2024-07-06 12:51:00.000,,,2024-07-06 12:51:59.000,2024-07-06 12:51:59.000,17,1.5650048,13.60022,0.84072113,UTC-0300,rCXGezyjDZ,com.sec.android.app.shealth,2024-07-06 12:51:59.000,8f6f6071-33ad-10a3-16b4-b036f58e0378,
,,0,17,2024-07-06 12:56:00.000,,,2024-07-06 12:56:59.000,2024-07-06 12:56:59.000,17,1.4422181,13.600708,0.8833542,UTC-0300,rCXGezyjDZ,com.sec.android.app.shealth,2024-07-06 12:56:59.000,706d1078-db8b-3b1b-3d93-879b2130bb07,
,,0,17,2024-07-06 13:02:00.000,,,2024-07-06 13:02:59.000,2024-07-06 13:02:59.000,17,1.6793613,13.600586,0.8549881,UTC-0300,rCXGezyjDZ,com.sec.android.app.shealth,2024-07-06 13:02:59.000,071043ca-9943-34fc-eaab-f4c3e1987bb2,
,,0,59,2024-07-06 13:03:00.000,,,2024-07-06 13:03:59.000,2024-07-06 13:03:59.000,59,1.4706373,47.20227,3.0237045,UTC-0300,rCXGezyjDZ,com.sec.android.app.shealth,2024-07-06 13:03:59.000,57123a2e-200c-1a7e-6a56-147696383042,
,,0,16,2024-07-06 13:05:00.000,,,2024-07-06 13:07:10.000,2024-07-06 13:05:59.000,16,1.3771428,12.800781,0.8565521,UTC-0300,rCXGezyjDZ,com.sec.android.app.shealth,2024-07-06 13:05:59.000,86e53eb8-76ca-10a4-579c-596c38b4dd9c,
,,0,36,2024-07-06 13:08:00.000,,,2024-07-06 13:08:59.000,2024-07-06 13:08:59.000,36,1.3199635,28.801025,1.8561478,UTC-0300,rCXGezyjDZ,com.sec.android.app.shealth,2024-07-06 13:08:59.000,bb978441-291e-d107-40b8-a386672c56a3,
,,1,38,2024-07-06 13:09:00.000,,,2024-07-06 13:09:59.000,2024-07-06 13:09:59.000,39,1.5022254,31.800781,2.0837402,UTC-0300,rCXGezyjDZ,com.sec.android.app.shealth,2024-07-06 13:09:59.000,4d56462b-3d9b-abb1-eef5-17cd6cd477c1,
,,0,54,2024-07-06 13:10:00.000,,,2024-07-06 13:10:59.000,2024-07-06 13:10:59.000,54,1.4191003,43.201294,2.726921,UTC-0300,rCXGezyjDZ,com.sec.android.app.shealth,2024-07-06 13:10:59.000,282043de-43c9-3492-b4cb-2711b23c1b90,
,,0,18,2024-07-06 13:11:00.000,,,2024-07-06 13:11:59.000,2024-07-06 13:11:59.000,18,1.4733095,14.400757,0.9543381,UTC-0300,rCXGezyjDZ,com.sec.android.app.shealth,2024-07-06 13:11:59.000,eade5f82-a757-8b97-5387-5ec1d5fd84dd,
,,0,44,2024-07-06 13:12:00.000,,,2024-07-06 13:12:59.000,2024-07-06 13:12:59.000,44,1.3598258,36.70044,2.534111,UTC-0300,rCXGezyjDZ,com.sec.android.app.shealth,2024-07-06 13:12:59.000,71408b9c-d87b-0682-54eb-4f1402b8ab83,
,,0,38,2024-07-06 13:13:00.000,,,2024-07-06 13:13:59.000,2024-07-06 13:13:59.000,38,1.5186859,30.400879,1.9177856,UTC-0300,rCXGezyjDZ,com.sec.android.app.shealth,2024-07-06 13:13:59.000,9a279c7f-7945-30b9-dd66-9a36ad2353b2,
,,0,55,2024-07-06 13:14:00.000,,,2024-07-06 13:14:59.000,2024-07-06 13:14:59.000,55,1.4953227,44.000366,2.8008575,UTC-0300,rCXGezyjDZ,com.sec.android.app.shealth,2024-07-06 13:14:59.000,e84cd973-6f75-e9f4-4018-3df7eebe94a2,
,,0,26,2024-07-06 13:16:00.000,,,2024-07-06 13:16:59.000,2024-07-06 13:16:59.000,26,1.1916649,20.80066,1.4038162,UTC-0300,rCXGezyjDZ,com.sec.android.app.shealth,2024-07-06 13:16:59.000,5038d55f-339e-922b-9290-4a3a10c4f7ba,
,,0,42,2024-07-06 13:22:00.000,,,2024-07-06 13:22:59.000,2024-07-06 13:22:59.000,42,1.7153859,33.601807,2.1118011,UTC-0300,rCXGezyjDZ,com.sec.android.app.shealth,2024-07-06 13:22:59.000,7ed6face-9d1c-93df-9ac9-60d23db305fb,
,,0,17,2024-07-06 13:23:00.000,,,2024-07-06 13:23:59.000,2024-07-06 13:23:59.000,17,1.3708113,13.600586,0.89637756,UTC-0300,rCXGezyjDZ,com.sec.android.app.shealth,2024-07-06 13:23:59.000,ca2fe14e-d1c5-3a4d-3eca-f2c9ed0db8c1,
,,0,32,2024-07-06 13:25:00.000,,,2024-07-06 13:25:59.000,2024-07-06 13:25:59.000,32,1.6375937,25.601196,1.6509552,UTC-0300,rCXGezyjDZ,com.sec.android.app.shealth,2024-07-06 13:25:59.000,4324eab6-a4f1-3908-7c05-74b909961e6e,
,,0,45,2024-07-06 13:26:00.000,,,2024-07-06 13:26:59.000,2024-07-06 13:26:59.000,45,1.7991375,36.001587,2.2355042,UTC-0300,rCXGezyjDZ,com.sec.android.app.shealth,2024-07-06 13:26:59.000,c9b828c3-701c-becd-94a4-b5295c490bce,
,,10,5,2024-07-06 13:27:00.000,,,2024-07-06 13:27:59.000,2024-07-06 13:27:59.000,15,1.5965966,12.300537,0.83805084,UTC-0300,rCXGezyjDZ,com.sec.android.app.shealth,2024-07-06 13:27:59.000,43be7275-8923-add1-6dfd-c99af3f8a356,
,,0,23,2024-07-06 13:28:00.000,,,2024-07-06 13:28:59.000,2024-07-06 13:28:59.000,23,1.3886003,18.400635,1.1621323,UTC-0300,rCXGezyjDZ,com.sec.android.app.shealth,2024-07-06 13:28:59.000,2177c37b-5c03-e501-0619-495c4f0c5f68,
,,0,10,2024-07-06 13:29:00.000,,,2024-07-06 13:29:59.000,2024-07-06 13:29:59.000,10,1.2955464,8.000366,0.5272217,UTC-0300,rCXGezyjDZ,com.sec.android.app.shealth,2024-07-06 13:29:59.000,866a1fbd-4afa-6bab-f471-040b19bc23cc,
,,0,47,2024-07-06 13:30:00.000,,,2024-07-06 13:30:59.000,2024-07-06 13:30:59.000,47,1.5892242,37.60132,2.3524628,UTC-0300,rCXGezyjDZ,com.sec.android.app.shealth,2024-07-06 13:30:59.000,e1e80ad1-b311-6090-e9ca-b9fdccd5eacc,
,,0,20,2024-07-06 13:31:00.000,,,2024-07-06 13:31:59.000,2024-07-06 13:31:59.000,20,1.4376271,16.00061,1.0436401,UTC-0300,rCXGezyjDZ,com.sec.android.app.shealth,2024-07-06 13:31:59.000,6ef55356-bfc7-8995-a513-d2a72fe68810,
,,0,42,2024-07-06 13:34:00.000,,,2024-07-06 13:34:59.000,2024-07-06 13:34:59.000,42,1.3803796,33.601196,2.157196,UTC-0300,rCXGezyjDZ,com.sec.android.app.shealth,2024-07-06 13:34:59.000,35d13717-9dd1-8e92-d05a-f93cc70bf21b,
,,0,16,2024-07-06 13:35:00.000,,,2024-07-06 13:35:59.000,2024-07-06 13:35:59.000,16,1.8333333,12.800171,0.7933502,UTC-0300,rCXGezyjDZ,com.sec.android.app.shealth,2024-07-06 13:35:59.000,e78251ef-a4d1-2699-75e0-addcac301394,
,,0,23,2024-07-06 13:36:00.000,,,2024-07-06 13:36:59.000,2024-07-06 13:36:59.000,23,1.2170482,18.400879,1.2303162,UTC-0300,rCXGezyjDZ,com.sec.android.app.shealth,2024-07-06 13:36:59.000,fb3391ea-2038-2c55-9cce-c7a003f37828,
,,0,20,2024-07-06 13:38:00.000,,,2024-07-06 13:38:59.000,2024-07-06 13:38:59.000,20,1.4125423,16.301025,1.1050415,UTC-0300,rCXGezyjDZ,com.sec.android.app.shealth,2024-07-06 13:38:59.000,f2be65aa-a50c-4d6a-21e5-e890831d5484,
,,0,22,2024-07-06 13:39:00.000,,,2024-07-06 13:39:59.000,2024-07-06 13:39:59.000,22,1.2593154,17.601074,1.1431274,UTC-0300,rCXGezyjDZ,com.sec.android.app.shealth,2024-07-06 13:39:59.000,d286af63-2230-830c-0d5b-38e4318b8ca6,
,,0,93,2024-07-06 13:41:00.000,,,2024-07-06 13:41:59.000,2024-07-06 13:41:59.000,93,1.4384503,74.40454,4.7549744,UTC-0300,rCXGezyjDZ,com.sec.android.app.shealth,2024-07-06 13:41:59.000,48ffbc55-b109-c5e9-581d-17646f815961,
,,0,24,2024-07-06 13:42:00.000,,,2024-07-06 13:42:59.000,2024-07-06 13:42:59.000,24,1.1985799,19.50122,1.2952576,UTC-0300,rCXGezyjDZ,com.sec.android.app.shealth,2024-07-06 13:42:59.000,9c37e0cb-7685-9776-8ed5-ad2ad6bd11b0,
,,0,18,2024-07-06 13:43:00.000,,,2024-07-06 13:43:59.000,2024-07-06 13:43:59.000,18,1.2468086,14.400879,0.9520416,UTC-0300,rCXGezyjDZ,com.sec.android.app.shealth,2024-07-06 13:43:59.000,5d2d0ab9-83c3-3cd5-4f30-92115afef85a,
,,0,11,2024-07-06 13:44:00.000,,,2024-07-06 13:44:59.000,2024-07-06 13:44:59.000,11,1.6705853,8.800537,0.5641937,UTC-0300,rCXGezyjDZ,com.sec.android.app.shealth,2024-07-06 13:44:59.000,762c03f5-c59b-f06f-c813-856ff9ecec43,
,,0,15,2024-07-06 13:45:00.000,,,2024-07-06 13:45:59.000,2024-07-06 13:45:59.000,15,1.6674436,12.000732,0.7612915,UTC-0300,rCXGezyjDZ,com.sec.android.app.shealth,2024-07-06 13:45:59.000,1844ab7a-9ddb-d82f-0cbf-25f8e3a2915a,
,,0,3,2024-07-06 13:46:00.000,,,2024-07-06 13:46:59.000,2024-07-06 13:46:59.000,3,1.6257815,2.4001465,0.1471405,UTC-0300,rCXGezyjDZ,com.sec.android.app.shealth,2024-07-06 13:46:59.000,93a59fd6-9e9d-208d-d375-0255b5901594,
,,0,16,2024-07-06 13:54:00.000,,,2024-07-06 14:32:57.000,2024-07-06 13:54:59.000,16,1.4031339,12.800781,0.86027527,UTC-0300,rCXGezyjDZ,com.sec.android.app.shealth,2024-07-06 13:54:59.000,2f1d5dee-3121-6453-6319-5cc23d97143b,
,,0,36,2024-07-06 14:53:00.000,,,2024-07-06 14:53:59.000,2024-07-06 14:53:59.000,36,1.5491251,29.701904,1.9784698,UTC-0300,rCXGezyjDZ,com.sec.android.app.shealth,2024-07-06 14:53:59.000,5fea6cdf-b41a-7849-4381-6d88d00c83d8,
,,0,32,2024-07-06 15:24:00.000,,,2024-07-06 15:25:27.000,2024-07-06 15:24:59.000,32,1.4138176,25.601562,1.6240997,UTC-0300,rCXGezyjDZ,com.sec.android.app.shealth,2024-07-06 15:24:59.000,99995e85-f8d4-0850-b644-94f0f8837e39,
,,0,75,2024-07-06 15:25:00.000,,,2024-07-06 15:25:59.000,2024-07-06 15:25:59.000,75,1.4017136,60.003662,3.813858,UTC-0300,rCXGezyjDZ,com.sec.android.app.shealth,2024-07-06 15:25:59.000,434076a7-054d-d867-0e95-e49ac9bc7f29,
,,0,85,2024-07-06 15:26:00.000,,,2024-07-06 15:27:16.000,2024-07-06 15:26:59.000,85,1.4060224,68.00415,4.3288574,UTC-0300,rCXGezyjDZ,com.sec.android.app.shealth,2024-07-06 15:26:59.000,149c9e85-b7bc-495f-ec61-ef09e6910945,
,,0,15,2024-07-06 15:27:00.000,,,2024-07-06 15:27:59.000,2024-07-06 15:27:59.000,15,1.04,12.000732,0.7671509,UTC-0300,rCXGezyjDZ,com.sec.android.app.shealth,2024-07-06 15:27:59.000,76ebde78-d5e8-c1d8-5a97-c14e184721d1,
,,0,16,2024-07-06 15:41:00.000,,,2024-07-06 15:41:59.000,2024-07-06 15:41:59.000,16,1.1274508,12.800781,0.8460541,UTC-0300,rCXGezyjDZ,com.sec.android.app.shealth,2024-07-06 15:41:59.000,96d8fa43-9e28-f4c1-9010-fdc7dbd6fa1b,
,,0,22,2024-07-06 15:51:00.000,,,2024-07-06 15:51:59.000,2024-07-06 15:51:59.000,22,1.5362282,17.601074,1.1622314,UTC-0300,rCXGezyjDZ,com.sec.android.app.shealth,2024-07-06 15:51:59.000,71a1c054-a25d-62e7-9cca-f7c00643b286,
,,0,16,2024-07-06 15:52:00.000,,,2024-07-06 15:52:59.000,2024-07-06 15:52:59.000,16,1.2380953,12.800781,0.80978394,UTC-0300,rCXGezyjDZ,com.sec.android.app.shealth,2024-07-06 15:52:59.000,beafcac1-94e9-4b3d-4de4-5804f0a1cecc,
,,0,20,2024-07-06 15:53:00.000,,,2024-07-06 15:53:59.000,2024-07-06 15:53:59.000,20,1.7565019,16.000977,1.0045166,UTC-0300,rCXGezyjDZ,com.sec.android.app.shealth,2024-07-06 15:53:59.000,0e06bf4b-f940-113b-c5c4-3800feec7220,
,,0,13,2024-07-06 18:41:00.000,,,2024-07-06 18:41:59.000,2024-07-06 18:41:59.000,13,1.5246214,10.700684,0.72613525,UTC-0300,rCXGezyjDZ,com.sec.android.app.shealth,2024-07-06 18:41:59.000,7b3723c2-73e5-18c2-19a6-94cd29e83212,
,,0,22,2024-07-06 18:42:00.000,,,2024-07-06 18:42:59.000,2024-07-06 18:42:59.000,22,1.4347044,17.601074,1.1557312,UTC-0300,rCXGezyjDZ,com.sec.android.app.shealth,2024-07-06 18:42:59.000,30f92d70-0eff-54c0-fbcf-be216337aad3,
,,0,25,2024-07-06 18:43:00.000,,,2024-07-06 18:43:59.000,2024-07-06 18:43:59.000,25,1.1945473,20.00122,1.2863007,UTC-0300,rCXGezyjDZ,com.sec.android.app.shealth,2024-07-06 18:43:59.000,0fa67bae-b46d-6565-bfe6-fe23b84db8e8,
,,0,25,2024-07-06 18:45:00.000,,,2024-07-06 18:45:59.000,2024-07-06 18:45:59.000,25,1.3879523,20.00122,1.2677155,UTC-0300,rCXGezyjDZ,com.sec.android.app.shealth,2024-07-06 18:45:59.000,33ada0d5-055b-9d96-ae7b-d9dde6f98067,
,,0,22,2024-07-06 18:46:00.000,,,2024-07-06 18:46:59.000,2024-07-06 18:46:59.000,22,1.4365566,17.601074,1.1351624,UTC-0300,rCXGezyjDZ,com.sec.android.app.shealth,2024-07-06 18:46:59.000,13b684fc-1cc9-0c71-faeb-91e739ba726a,
,,0,83,2024-07-06 18:47:00.000,,,2024-07-06 18:47:59.000,2024-07-06 18:47:59.000,83,1.7220438,66.40405,4.2783966,UTC-0300,rCXGezyjDZ,com.sec.android.app.shealth,2024-07-06 18:47:59.000,2d00c30c-a49f-992a-96c9-3bff979b5e0a,
,,0,45,2024-07-06 18:48:00.000,,,2024-07-06 18:48:59.000,2024-07-06 18:48:59.000,45,1.4236034,36.002197,2.3282013,UTC-0300,rCXGezyjDZ,com.sec.android.app.shealth,2024-07-06 18:48:59.000,933314f7-973b-0702-ea70-96a906b46be9,
,,0,1,2024-07-06 18:49:00.000,,,2024-07-06 18:49:59.000,2024-07-06 18:49:59.000,1,1.04,0.8000488,0.05619812,UTC-0300,rCXGezyjDZ,com.sec.android.app.shealth,2024-07-06 18:49:59.000,95504332-ceee-f5d7-4b23-8ca1143998a2,
,,0,28,2024-07-06 18:50:00.000,,,2024-07-06 18:50:59.000,2024-07-06 18:50:59.000,28,1.5786035,22.401367,1.4232178,UTC-0300,rCXGezyjDZ,com.sec.android.app.shealth,2024-07-06 18:50:59.000,0cd3b606-9f74-d455-6bd9-169e32d97d7e,
,,0,11,2024-07-06 18:51:00.000,,,2024-07-06 18:51:59.000,2024-07-06 18:51:59.000,11,1.04,8.800537,0.61582947,UTC-0300,rCXGezyjDZ,com.sec.android.app.shealth,2024-07-06 18:51:59.000,b46cde98-4574-d65c-86d5-128f0a50e0a5,
,,6,39,2024-07-06 18:52:00.000,,,2024-07-06 18:52:59.000,2024-07-06 18:52:59.000,45,1.78373,37.80249,2.6556854,UTC-0300,rCXGezyjDZ,com.sec.android.app.shealth,2024-07-06 18:52:59.000,59342d5b-16b8-43e3-159b-ad374169076a,
,,0,17,2024-07-06 18:54:00.000,,,2024-07-06 18:54:59.000,2024-07-06 18:54:59.000,17,1.1068671,13.60083,0.90711975,UTC-0300,rCXGezyjDZ,com.sec.android.app.shealth,2024-07-06 18:54:59.000,d78eb4b2-5d32-503b-99e7-8206ec756e75,
,,0,15,2024-07-06 18:55:00.000,,,2024-07-06 18:55:59.000,2024-07-06 18:55:59.000,15,1.1102777,12.300781,0.85513306,UTC-0300,rCXGezyjDZ,com.sec.android.app.shealth,2024-07-06 18:55:59.000,885f074f-fb43-8894-ddcc-e754b08fe833,
,,0,18,2024-07-06 18:56:00.000,,,2024-07-06 18:56:59.000,2024-07-06 18:56:59.000,18,1.4192848,14.400879,0.9108887,UTC-0300,rCXGezyjDZ,com.sec.android.app.shealth,2024-07-06 18:56:59.000,b2f71536-b11b-1ba0-2534-a65503c86f22,
,,0,17,2024-07-06 19:00:00.000,,,2024-07-06 19:00:59.000,2024-07-06 19:00:59.000,17,1.1933334,13.60083,0.8734131,UTC-0300,rCXGezyjDZ,com.sec.android.app.shealth,2024-07-06 19:00:59.000,95ee698f-ec9a-6c0b-ecf1-211046227fec,
,,0,16,2024-07-06 19:03:00.000,,,2024-07-06 19:03:59.000,2024-07-06 19:03:59.000,16,1.1148275,12.800781,0.8145294,UTC-0300,rCXGezyjDZ,com.sec.android.app.shealth,2024-07-06 19:03:59.000,b38cc5e4-cc9a-175b-3d28-7692214aa7fe,
,,0,55,2024-07-06 19:04:00.000,,,2024-07-06 19:04:59.000,2024-07-06 19:04:59.000,55,1.6838487,44.002686,2.8594818,UTC-0300,rCXGezyjDZ,com.sec.android.app.shealth,2024-07-06 19:04:59.000,cdd915c4-5b3b-b0d6-2520-489493f00971,
,,0,12,2024-07-06 19:05:00.000,,,2024-07-06 19:05:59.000,2024-07-06 19:05:59.000,12,1.861472,9.600586,0.59913635,UTC-0300,rCXGezyjDZ,com.sec.android.app.shealth,2024-07-06 19:05:59.000,bf9f09f4-2740-681d-c480-f10d61c981cd,
,,0,15,2024-07-06 19:06:00.000,,,2024-07-06 19:06:59.000,2024-07-06 19:06:59.000,15,1.5570523,12.000732,0.7759247,UTC-0300,rCXGezyjDZ,com.sec.android.app.shealth,2024-07-06 19:06:59.000,ee014742-112a-1598-cd24-2d26dfc63948,
,,0,49,2024-07-06 19:07:00.000,,,2024-07-06 19:09:49.000,2024-07-06 19:07:59.000,49,1.3546766,39.202393,2.5609283,UTC-0300,rCXGezyjDZ,com.sec.android.app.shealth,2024-07-06 19:07:59.000,a62c863e-bef7-d8f7-aa24-182f64edf0a8,
,,0,22,2024-07-06 19:09:00.000,,,2024-07-06 19:09:59.000,2024-07-06 19:09:59.000,22,1.2779503,17.901123,1.2053223,UTC-0300,rCXGezyjDZ,com.sec.android.app.shealth,2024-07-06 19:09:59.000,a3c1c494-3dd2-0a77-b280-c040e1ad6d64,
,,6,37,2024-07-06 19:10:00.000,,,2024-07-06 19:10:59.000,2024-07-06 19:10:59.000,43,2.0243764,36.50244,2.5867615,UTC-0300,rCXGezyjDZ,com.sec.android.app.shealth,2024-07-06 19:10:59.000,1ec8c916-cc6b-df49-fd18-938ce4df1a04,
,,0,37,2024-07-06 19:11:00.000,,,2024-07-06 19:11:59.000,2024-07-06 19:11:59.000,37,1.2173414,29.601807,1.9025421,UTC-0300,rCXGezyjDZ,com.sec.android.app.shealth,2024-07-06 19:11:59.000,6707236b-443e-4eb9-4c98-45c27fe2773f,
,,0,22,2024-07-06 19:13:00.000,,,2024-07-06 19:13:59.000,2024-07-06 19:13:59.000,22,1.7276043,17.601074,1.1022644,UTC-0300,rCXGezyjDZ,com.sec.android.app.shealth,2024-07-06 19:13:59.000,1481b63b-d36b-db6a-0b95-abba3b92cb67,
,,0,17,2024-07-06 19:18:00.000,,,2024-07-06 19:18:59.000,2024-07-06 19:18:59.000,17,1.4429629,13.60083,0.8663788,UTC-0300,rCXGezyjDZ,com.sec.android.app.shealth,2024-07-06 19:18:59.000,8629782e-ec0d-3de5-5dfb-493d7326cfda,
,,0,40,2024-07-06 19:19:00.000,,,2024-07-06 19:19:59.000,2024-07-06 19:19:59.000,40,1.341877,32.001953,2.0361328,UTC-0300,rCXGezyjDZ,com.sec.android.app.shealth,2024-07-06 19:19:59.000,03dc300d-922e-ebbe-fdb9-69a0853732f0,
,,0,28,2024-07-06 19:20:00.000,,,2024-07-06 19:20:59.000,2024-07-06 19:20:59.000,28,1.2460064,22.401367,1.4575806,UTC-0300,rCXGezyjDZ,com.sec.android.app.shealth,2024-07-06 19:20:59.000,76d0a0d3-a311-1c20-5644-9a7ddb6f8d90,
,,0,15,2024-07-06 19:22:00.000,,,2024-07-06 19:22:59.000,2024-07-06 19:22:59.000,15,1.2549019,12.000732,0.78152466,UTC-0300,rCXGezyjDZ,com.sec.android.app.shealth,2024-07-06 19:22:59.000,34c19079-7fd5-7f37-efd0-ba8ea39290e6,
,,0,44,2024-07-06 19:23:00.000,,,2024-07-06 19:23:59.000,2024-07-06 19:23:59.000,44,1.3531334,35.20215,2.2840424,UTC-0300,rCXGezyjDZ,com.sec.android.app.shealth,2024-07-06 19:23:59.000,8bcb8f10-bbfb-0825-b1b4-d289eeeb9b60,
,,0,22,2024-07-06 19:24:00.000,,,2024-07-06 19:25:08.000,2024-07-06 19:24:59.000,22,1.2712345,17.601074,1.1694031,UTC-0300,rCXGezyjDZ,com.sec.android.app.shealth,2024-07-06 19:24:59.000,4fffc696-d86f-efaa-c1c5-ca36d81e8806,
,,0,19,2024-07-06 19:25:00.000,,,2024-07-06 19:25:59.000,2024-07-06 19:25:59.000,19,1.1764419,15.200928,0.98831177,UTC-0300,rCXGezyjDZ,com.sec.android.app.shealth,2024-07-06 19:25:59.000,5b9ef93d-4397-0ea2-3928-e65d07592e59,
,,0,17,2024-07-06 19:26:00.000,,,2024-07-06 19:26:59.000,2024-07-06 19:26:59.000,17,1.2777778,13.60083,0.8830261,UTC-0300,rCXGezyjDZ,com.sec.android.app.shealth,2024-07-06 19:26:59.000,2c470b35-12ff-55b2-e13d-ee0c07a6f8a1,
,,0,15,2024-07-06 19:28:00.000,,,2024-07-06 19:28:59.000,2024-07-06 19:28:59.000,15,1.1249999,12.000732,0.7791748,UTC-0300,rCXGezyjDZ,com.sec.android.app.shealth,2024-07-06 19:28:59.000,1cff3be0-690f-4d4d-dd0f-716d5d31fd5b,
,,0,1,2024-07-06 19:29:00.000,,,2024-07-06 19:30:04.000,2024-07-06 19:29:59.000,1,1.3392857,0.8000488,0.05168152,UTC-0300,rCXGezyjDZ,com.sec.android.app.shealth,2024-07-06 19:29:59.000,24f5c634-2e06-0362-c1d4-008f4390f825,
,,0,17,2024-07-06 19:31:00.000,,,2024-07-06 19:31:59.000,2024-07-06 19:31:59.000,17,1.6591984,13.60083,0.85289,UTC-0300,rCXGezyjDZ,com.sec.android.app.shealth,2024-07-06 19:31:59.000,f953ecd6-d229-929a-3b11-04312f772c87,
,,0,40,2024-07-06 19:34:00.000,,,2024-07-06 19:34:59.000,2024-07-06 19:34:59.000,40,1.3824698,32.001953,2.0423584,UTC-0300,rCXGezyjDZ,com.sec.android.app.shealth,2024-07-06 19:34:59.000,ae600abb-8f23-1081-b614-c5952ed15ea7,
,,0,38,2024-07-06 19:35:00.000,,,2024-07-06 19:35:59.000,2024-07-06 19:35:59.000,38,1.2070194,30.401855,1.9950714,UTC-0300,rCXGezyjDZ,com.sec.android.app.shealth,2024-07-06 19:35:59.000,6115b0fe-54b1-594e-f4c1-46c768938071,
,,0,4,2024-07-06 19:36:00.000,,,2024-07-06 19:36:59.000,2024-07-06 19:36:59.000,4,1.2237605,3.2001953,0.21331787,UTC-0300,rCXGezyjDZ,com.sec.android.app.shealth,2024-07-06 19:36:59.000,69cac8b2-5234-5a9e-37ee-ae5e767409fc,
,,0,15,2024-07-06 19:40:00.000,,,2024-07-06 19:40:59.000,2024-07-06 19:40:59.000,15,1.3030304,12.000732,0.76651,UTC-0300,rCXGezyjDZ,com.sec.android.app.shealth,2024-07-06 19:40:59.000,12ac9abf-911d-60d4-729c-705b2db4407c,
,,0,20,2024-07-06 19:43:00.000,,,2024-07-06 19:43:59.000,2024-07-06 19:43:59.000,20,1.7044314,16.000977,0.9707031,UTC-0300,rCXGezyjDZ,com.sec.android.app.shealth,2024-07-06 19:43:59.000,ebd36bc6-002c-b5b3-ac40-d8e76e19ac3d,
,,0,37,2024-07-06 19:45:00.000,,,2024-07-06 19:45:59.000,2024-07-06 19:45:59.000,37,1.290605,29.601807,1.8974762,UTC-0300,rCXGezyjDZ,com.sec.android.app.shealth,2024-07-06 19:45:59.000,daf2ebef-2c57-bb5b-ffe4-4e35be1efa27,
,,0,32,2024-07-06 19:51:00.000,,,2024-07-06 19:51:59.000,2024-07-06 19:51:59.000,32,1.3537587,25.601562,1.5957947,UTC-0300,rCXGezyjDZ,com.sec.android.app.shealth,2024-07-06 19:51:59.000,8298ad30-d160-2ce8-1f8d-a88a81126078,
,,0,39,2024-07-06 19:54:00.000,,,2024-07-06 19:54:59.000,2024-07-06 19:54:59.000,39,1.5062844,31.501953,2.0345001,UTC-0300,rCXGezyjDZ,com.sec.android.app.shealth,2024-07-06 19:54:59.000,3390c750-39cc-18e3-809c-3780369e0b5f,
,,0,20,2024-07-06 19:56:00.000,,,2024-07-06 19:56:59.000,2024-07-06 19:56:59.000,20,1.5213339,16.000977,1.040451,UTC-0300,rCXGezyjDZ,com.sec.android.app.shealth,2024-07-06 19:56:59.000,dab3ad31-e3d5-2a3e-5f4e-157a54c1b279,
,,0,29,2024-07-06 20:01:00.000,,,2024-07-06 20:01:59.000,2024-07-06 20:01:59.000,29,1.4178444,24.701172,1.7770538,UTC-0300,rCXGezyjDZ,com.sec.android.app.shealth,2024-07-06 20:01:59.000,3352fca0-2942-d4fa-dbbf-70005d49c6c9,
,,0,11,2024-07-06 20:02:00.000,,,2024-07-06 20:02:59.000,2024-07-06 20:02:59.000,11,1.7207792,8.800537,0.54641724,UTC-0300,rCXGezyjDZ,com.sec.android.app.shealth,2024-07-06 20:02:59.000,7be2da19-6006-48f0-e812-1751fb79a138,
,,0,26,2024-07-06 20:04:00.000,,,2024-07-06 20:04:59.000,2024-07-06 20:04:59.000,26,1.4235586,20.80127,1.2985535,UTC-0300,rCXGezyjDZ,com.sec.android.app.shealth,2024-07-06 20:04:59.000,1dac209c-b63b-719a-a817-aa1e8587585c,
,,0,5,2024-07-06 20:05:00.000,,,2024-07-06 20:05:59.000,2024-07-06 20:05:59.000,5,1.861472,4.000244,0.23710632,UTC-0300,rCXGezyjDZ,com.sec.android.app.shealth,2024-07-06 20:05:59.000,26d27c31-353e-1f61-27df-b3ff0d37f250,
,,0,26,2024-07-06 20:10:00.000,,,2024-07-06 20:10:59.000,2024-07-06 20:10:59.000,26,1.6255853,20.80127,1.2661743,UTC-0300,rCXGezyjDZ,com.sec.android.app.shealth,2024-07-06 20:10:59.000,d875feb3-a447-6cd7-1d26-153dbebfe9bb,
,,0,18,2024-07-06 20:11:00.000,,,2024-07-06 20:11:59.000,2024-07-06 20:11:59.000,18,1.7030076,14.400879,0.89941406,UTC-0300,rCXGezyjDZ,com.sec.android.app.shealth,2024-07-06 20:11:59.000,7ad2d71e-e4fe-096b-69f9-52978787660e,
,,0,18,2024-07-06 20:14:00.000,,,2024-07-06 20:14:59.000,2024-07-06 20:14:59.000,18,1.4185184,14.400879,0.89302063,UTC-0300,rCXGezyjDZ,com.sec.android.app.shealth,2024-07-06 20:14:59.000,6f7a621d-a1bf-d28c-9736-26376faee201,
,,0,10,2024-07-06 20:16:00.000,,,2024-07-06 20:16:59.000,2024-07-06 20:16:59.000,10,1.2955464,8.000488,0.52311707,UTC-0300,rCXGezyjDZ,com.sec.android.app.shealth,2024-07-06 20:16:59.000,5bdb6ef4-777e-3c70-2a9b-c88490195c1b,
,,0,15,2024-07-06 20:20:00.000,,,2024-07-06 20:20:59.000,2024-07-06 20:20:59.000,15,1.7424241,12.000732,0.7581177,UTC-0300,rCXGezyjDZ,com.sec.android.app.shealth,2024-07-06 20:20:59.000,07cd02a5-b732-77f3-ff2e-48cacceba013,
,,0,17,2024-07-06 20:22:00.000,,,2024-07-06 20:22:59.000,2024-07-06 20:22:59.000,17,1.7194265,13.60083,0.8829498,UTC-0300,rCXGezyjDZ,com.sec.android.app.shealth,2024-07-06 20:22:59.000,642fd843-0973-12c0-0b6f-e84ac8cb4bed,
,,0,19,2024-07-06 20:24:00.000,,,2024-07-06 20:24:59.000,2024-07-06 20:24:59.000,19,1.3686372,15.200928,0.946228,UTC-0300,rCXGezyjDZ,com.sec.android.app.shealth,2024-07-06 20:24:59.000,c2dcfa5a-a95d-a293-cbfd-d923d3ea1376,
,,0,20,2024-07-06 20:27:00.000,,,2024-07-06 20:27:59.000,2024-07-06 20:27:59.000,20,1.6114224,16.000977,0.99043274,UTC-0300,rCXGezyjDZ,com.sec.android.app.shealth,2024-07-06 20:27:59.000,d31d04ba-e435-5ac5-4670-bb8f3c060985,
,,0,30,2024-07-06 20:29:00.000,,,2024-07-06 20:29:59.000,2024-07-06 20:29:59.000,30,1.5822301,24.001465,1.5140228,UTC-0300,rCXGezyjDZ,com.sec.android.app.shealth,2024-07-06 20:29:59.000,846838fa-6026-14d4-70ab-c7d1d046b126,
,,0,18,2024-07-06 20:30:00.000,,,2024-07-06 20:30:59.000,2024-07-06 20:30:59.000,18,1.4857955,14.400879,0.9123688,UTC-0300,rCXGezyjDZ,com.sec.android.app.shealth,2024-07-06 20:30:59.000,230670a1-172c-bdd9-74df-1796ee02724a,
,,0,36,2024-07-06 20:35:00.000,,,2024-07-06 20:35:59.000,2024-07-06 20:35:59.000,36,1.4627893,28.801758,1.8243256,UTC-0300,rCXGezyjDZ,com.sec.android.app.shealth,2024-07-06 20:35:59.000,051c756d-760c-ed0c-7792-dc6f7fc3e229,
,,0,50,2024-07-06 20:37:00.000,,,2024-07-06 20:37:59.000,2024-07-06 20:37:59.000,50,1.2886518,40.00244,2.6229095,UTC-0300,rCXGezyjDZ,com.sec.android.app.shealth,2024-07-06 20:37:59.000,4cf2e763-ba57-b093-b3e0-4bf7d61db12c,
,,0,47,2024-07-06 20:38:00.000,,,2024-07-06 20:38:59.000,2024-07-06 20:38:59.000,47,1.2486829,37.602295,2.5162048,UTC-0300,rCXGezyjDZ,com.sec.android.app.shealth,2024-07-06 20:38:59.000,f6141f34-4c8e-b9ae-1bf4-3263eeeea424,
,,0,16,2024-07-06 20:40:00.000,,,2024-07-06 20:40:59.000,2024-07-06 20:40:59.000,16,1.6658432,12.800781,0.8075714,UTC-0300,rCXGezyjDZ,com.sec.android.app.shealth,2024-07-06 20:40:59.000,54d596f8-1a5f-c71b-9253-27c44adc760b,
,,0,12,2024-07-06 20:41:00.000,,,2024-07-06 20:41:59.000,2024-07-06 20:41:59.000,12,1.4632353,9.600586,0.6514282,UTC-0300,rCXGezyjDZ,com.sec.android.app.shealth,2024-07-06 20:41:59.000,b22af737-392c-8ca5-b3d2-17bc3be92026,
,,0,16,2024-07-06 20:42:00.000,,,2024-07-06 20:42:59.000,2024-07-06 20:42:59.000,16,1.5886288,12.800781,0.8306885,UTC-0300,rCXGezyjDZ,com.sec.android.app.shealth,2024-07-06 20:42:59.000,ef9db9e3-b191-3518-834e-e3044e3b7209,
,,0,47,2024-07-06 22:53:00.000,,,2024-07-06 22:53:59.000,2024-07-06 22:53:59.000,47,1.4207902,37.602295,2.4186554,UTC-0300,rCXGezyjDZ,com.sec.android.app.shealth,2024-07-06 22:53:59.000,50cbc571-110f-4f00-fccc-70c42b3a1253,
,,0,23,2024-07-06 22:54:00.000,,,2024-07-07 10:13:51.000,2024-07-06 22:54:59.000,23,1.3526162,18.401123,1.1766968,UTC-0300,rCXGezyjDZ,com.sec.android.app.shealth,2024-07-06 22:54:59.000,da97b7c8-76a7-cfce-4f45-6071e62cae57,
,,0,15,2024-07-07 12:51:00.000,,,2024-07-07 12:51:59.000,2024-07-07 12:51:59.000,15,1.2679467,12.000002,0.79273105,UTC-0300,rCXGezyjDZ,com.sec.android.app.shealth,2024-07-07 12:51:59.000,c2fa36dd-4ab9-b26f-402c-6bb596836e59,
,,0,12,2024-07-07 12:52:00.000,,,2024-07-07 12:52:59.000,2024-07-07 12:52:59.000,12,1.4074074,9.599997,0.6273093,UTC-0300,rCXGezyjDZ,com.sec.android.app.shealth,2024-07-07 12:52:59.000,8a722981-9720-e96b-e068-de8d0a7af3ad,
,,0,16,2024-07-07 13:06:00.000,,,2024-07-07 13:06:59.000,2024-07-07 13:06:59.000,16,1.909091,12.799995,0.8202059,UTC-0300,rCXGezyjDZ,com.sec.android.app.shealth,2024-07-07 13:06:59.000,de716fe7-6f07-90f9-5bb3-84d4a3203f77,
,,22,0,2024-07-07 13:51:00.000,,,2024-07-07 13:51:59.000,2024-07-07 13:51:59.000,22,3.6532679,19.999977,1.5562527,UTC-0300,rCXGezyjDZ,com.sec.android.app.shealth,2024-07-07 13:51:59.000,4ad08037-fa0d-bf40-d869-cd59be0d7c4c,
,,0,12,2024-07-07 13:55:00.000,,,2024-07-07 13:55:59.000,2024-07-07 13:55:59.000,12,1.6868687,9.599991,0.59454846,UTC-0300,rCXGezyjDZ,com.sec.android.app.shealth,2024-07-07 13:55:59.000,f8d8b2a5-3764-78df-f4dc-0b06cf68c0c8,
,,0,22,2024-07-07 13:56:00.000,,,2024-07-07 13:56:59.000,2024-07-07 13:56:59.000,22,1.5856471,17.600044,1.1170163,UTC-0300,rCXGezyjDZ,com.sec.android.app.shealth,2024-07-07 13:56:59.000,7733dd94-557b-28b8-f35f-caf4bf1993f6,
,,0,27,2024-07-07 14:12:00.000,,,2024-07-07 14:12:59.000,2024-07-07 14:12:59.000,27,1.681508,21.600075,1.3568087,UTC-0300,rCXGezyjDZ,com.sec.android.app.shealth,2024-07-07 14:12:59.000,e7737fbc-bddb-3944-907e-0e8da2eedc1c,
,,0,18,2024-07-07 14:13:00.000,,,2024-07-07 14:13:59.000,2024-07-07 14:13:59.000,18,1.1630241,14.400047,0.9164529,UTC-0300,rCXGezyjDZ,com.sec.android.app.shealth,2024-07-07 14:13:59.000,26b5c5f8-dcea-4ccf-716c-83dec5688588,
,,0,26,2024-07-07 14:15:00.000,,,2024-07-07 14:15:59.000,2024-07-07 14:15:59.000,26,1.5049798,20.800064,1.324995,UTC-0300,rCXGezyjDZ,com.sec.android.app.shealth,2024-07-07 14:15:59.000,83490acf-4f83-23b7-a9c1-0a85f01902d5,
,,0,20,2024-07-07 14:50:00.000,,,2024-07-07 14:50:59.000,2024-07-07 14:50:59.000,20,1.4991341,16.000061,1.0286417,UTC-0300,rCXGezyjDZ,com.sec.android.app.shealth,2024-07-07 14:50:59.000,6cde605d-dd7f-47fe-6047-7e3e795453d3,
,,0,17,2024-07-07 14:51:00.000,,,2024-07-07 14:51:59.000,2024-07-07 14:51:59.000,17,1.5413411,13.600052,0.88122845,UTC-0300,rCXGezyjDZ,com.sec.android.app.shealth,2024-07-07 14:51:59.000,60f1ad62-2a2b-a3be-ee4f-1be7dda620f6,
,,0,15,2024-07-07 15:51:00.000,,,2024-07-07 15:51:59.000,2024-07-07 15:51:59.000,15,1.7199559,12.000046,0.7624979,UTC-0300,rCXGezyjDZ,com.sec.android.app.shealth,2024-07-07 15:51:59.000,7c878df0-ff93-f6ed-3b88-8ca38d12d6a7,
,,0,15,2024-07-07 15:52:00.000,,,2024-07-07 15:52:59.000,2024-07-07 15:52:59.000,15,1.2692307,12.000046,0.7679539,UTC-0300,rCXGezyjDZ,com.sec.android.app.shealth,2024-07-07 15:52:59.000,fdad90f4-678c-dc42-e803-16774dab7a68,
,,0,15,2024-07-07 15:53:00.000,,,2024-07-07 15:53:59.000,2024-07-07 15:53:59.000,15,1.4583334,12.000046,0.7728205,UTC-0300,rCXGezyjDZ,com.sec.android.app.shealth,2024-07-07 15:53:59.000,e7f19cb9-94e6-15c2-09be-64b5e7fe7a8c,
,,0,42,2024-07-07 15:56:00.000,,,2024-07-07 15:56:59.000,2024-07-07 15:56:59.000,42,1.3549846,33.60013,2.142847,UTC-0300,rCXGezyjDZ,com.sec.android.app.shealth,2024-07-07 15:56:59.000,ac096f93-685e-f130-eff8-33bb7b9ba38d,
,,0,34,2024-07-07 17:00:00.000,,,2024-07-07 17:00:59.000,2024-07-07 17:00:59.000,34,1.195566,27.199936,1.7598867,UTC-0300,rCXGezyjDZ,com.sec.android.app.shealth,2024-07-07 17:00:59.000,1fc5d374-1f1d-6840-1c9e-d2a5e04b925b,
,,0,15,2024-07-07 18:42:00.000,,,2024-07-07 18:42:59.000,2024-07-07 18:42:59.000,15,1.2037038,11.999847,0.784647,UTC-0300,rCXGezyjDZ,com.sec.android.app.shealth,2024-07-07 18:42:59.000,6f81b087-5267-ac3d-86b0-3a81e6665ba7,
,,0,35,2024-07-07 21:16:00.000,,,2024-07-07 21:16:59.000,2024-07-07 21:16:59.000,35,1.3393626,27.999634,1.8105698,UTC-0300,rCXGezyjDZ,com.sec.android.app.shealth,2024-07-07 21:16:59.000,f9a7978b-3770-4a26-f380-4eb059f84bf6,
,,0,17,2024-07-07 21:17:00.000,,,2024-07-07 21:17:59.000,2024-07-07 21:17:59.000,17,1.5975136,13.599823,0.88404274,UTC-0300,rCXGezyjDZ,com.sec.android.app.shealth,2024-07-07 21:17:59.000,233d6e19-8402-34d3-e993-99671ba9d197,
,,0,18,2024-07-07 21:51:00.000,,,2024-07-07 21:51:59.000,2024-07-07 21:51:59.000,18,1.7464986,14.399933,0.8846817,UTC-0300,rCXGezyjDZ,com.sec.android.app.shealth,2024-07-07 21:51:59.000,113c2de5-1730-4df4-7f7e-3f34bd2c317c,
,,21,0,2024-07-07 22:27:00.000,,,2024-07-07 22:27:59.000,2024-07-07 22:27:59.000,21,2.9060874,21.900055,2.0521183,UTC-0300,rCXGezyjDZ,com.sec.android.app.shealth,2024-07-07 22:27:59.000,80dc1bec-b741-5838-5bbe-6605f60ae394,
,,0,19,2024-07-07 22:35:00.000,,,2024-07-07 22:35:59.000,2024-07-07 22:35:59.000,19,1.50866,15.199829,0.9590397,UTC-0300,rCXGezyjDZ,com.sec.android.app.shealth,2024-07-07 22:35:59.000,e2e909b7-f3bf-014b-9535-c79cf79bc4c6,
,,0,15,2024-07-07 22:36:00.000,,,2024-07-07 22:36:59.000,2024-07-07 22:36:59.000,15,1.5079365,11.999847,0.7754841,UTC-0300,rCXGezyjDZ,com.sec.android.app.shealth,2024-07-07 22:36:59.000,6e755ab5-3499-6cc3-d028-a7d3f8763f12,
,,0,19,2024-07-07 22:58:00.000,,,2024-07-07 22:58:59.000,2024-07-07 22:58:59.000,19,1.5664399,15.199829,0.94327545,UTC-0300,rCXGezyjDZ,com.sec.android.app.shealth,2024-07-07 22:58:59.000,c80dddae-7092-8447-c3df-3fba8b7d0298,
,,0,31,2024-07-08 21:29:00.000,,,2024-07-08 21:29:59.000,2024-07-08 21:29:59.000,31,1.4665254,26.299995,1.8786675,UTC-0300,rCXGezyjDZ,com.sec.android.app.shealth,2024-07-08 21:29:59.000,5bda69d9-a5f7-b0bc-7671-2b67b324d8fc,
,,0,16,2024-07-08 21:30:00.000,,,2024-07-08 21:30:59.000,2024-07-08 21:30:59.000,16,1.2340686,12.799988,0.81390417,UTC-0300,rCXGezyjDZ,com.sec.android.app.shealth,2024-07-08 21:30:59.000,fca3ad95-00e3-49e7-157a-9debfd3fa90b,
,,10,21,2024-07-08 21:34:00.000,,,2024-07-08 21:34:59.000,2024-07-08 21:34:59.000,31,1.4994519,25.399979,1.6789589,UTC-0300,rCXGezyjDZ,com.sec.android.app.shealth,2024-07-08 21:34:59.000,9a5f043b-17ef-cb3d-7f67-8677d9f62a4b,
,,0,37,2024-07-08 21:35:00.000,,,2024-07-08 21:36:07.000,2024-07-08 21:35:59.000,37,1.1736726,29.600082,1.8994122,UTC-0300,rCXGezyjDZ,com.sec.android.app.shealth,2024-07-08 21:35:59.000,2b2d3fd1-3206-0d45-4f4f-00017ce5ad07,
,,0,22,2024-07-08 21:36:00.000,,,2024-07-08 21:38:51.000,2024-07-08 21:36:59.000,22,1.6619469,17.600037,1.1212602,UTC-0300,rCXGezyjDZ,com.sec.android.app.shealth,2024-07-08 21:36:59.000,32a8b89e-2f84-9255-ba64-73b9d115418a,
,,0,17,2024-07-08 21:40:00.000,,,2024-07-08 21:40:59.000,2024-07-08 21:40:59.000,17,1.4417989,13.600037,0.8689208,UTC-0300,rCXGezyjDZ,com.sec.android.app.shealth,2024-07-08 21:40:59.000,4ae6c314-c8bc-a48d-ff98-4cf7270a5f4d,
,,0,25,2024-07-08 21:55:00.000,,,2024-07-08 21:55:59.000,2024-07-08 21:55:59.000,25,1.1487576,20.000069,1.3112755,UTC-0300,rCXGezyjDZ,com.sec.android.app.shealth,2024-07-08 21:55:59.000,9ba2cef8-fef9-1879-a7f4-b874f3304143,
,,0,29,2024-07-08 21:56:00.000,,,2024-07-08 21:56:59.000,2024-07-08 21:56:59.000,29,1.2455688,23.200089,1.494709,UTC-0300,rCXGezyjDZ,com.sec.android.app.shealth,2024-07-08 21:56:59.000,06b53a2d-644d-f839-77b8-516d89f19655,
,,0,22,2024-07-08 22:02:00.000,,,2024-07-08 22:02:59.000,2024-07-08 22:02:59.000,22,1.2188652,17.600067,1.1403694,UTC-0300,rCXGezyjDZ,com.sec.android.app.shealth,2024-07-08 22:02:59.000,f8bb9252-e74c-61f6-9049-4ebcda8573a8,
,,0,17,2024-07-08 22:09:00.000,,,2024-07-08 22:09:59.000,2024-07-08 22:09:59.000,17,1.1162566,13.600052,0.87168026,UTC-0300,rCXGezyjDZ,com.sec.android.app.shealth,2024-07-08 22:09:59.000,14402be1-a311-012d-954c-dabdff83b88d,
,,0,17,2024-07-08 22:16:00.000,,,2024-07-08 22:16:59.000,2024-07-08 22:16:59.000,17,1.6018518,13.600052,0.880929,UTC-0300,rCXGezyjDZ,com.sec.android.app.shealth,2024-07-08 22:16:59.000,607e5cf8-ee03-ca0e-39e2-12e61911461c,
,,0,47,2024-07-08 22:34:00.000,,,2024-07-08 22:34:59.000,2024-07-08 22:34:59.000,47,1.336425,37.600143,2.4829197,UTC-0300,rCXGezyjDZ,com.sec.android.app.shealth,2024-07-08 22:34:59.000,c9fa4353-93dd-87cb-e06d-204fe676c342,
,,0,28,2024-07-08 22:37:00.000,,,2024-07-08 22:37:59.000,2024-07-08 22:37:59.000,28,1.3444802,22.399765,1.469471,UTC-0300,rCXGezyjDZ,com.sec.android.app.shealth,2024-07-08 22:37:59.000,258317e1-4f99-0680-895a-55bf03e9ff21,
,,0,16,2024-07-08 22:38:00.000,,,2024-07-08 22:38:59.000,2024-07-08 22:38:59.000,16,1.778656,12.799927,0.8178234,UTC-0300,rCXGezyjDZ,com.sec.android.app.shealth,2024-07-08 22:38:59.000,fe33a849-a0ed-0e4c-7683-d83110bd1a8b,
,,0,37,2024-07-08 22:40:00.000,,,2024-07-08 22:40:59.000,2024-07-08 22:40:59.000,37,1.3236905,29.89975,1.9828339,UTC-0300,rCXGezyjDZ,com.sec.android.app.shealth,2024-07-08 22:40:59.000,564b48b4-2264-ce62-e6fb-03f81de2407e,
,,0,37,2024-07-08 22:41:00.000,,,2024-07-08 22:41:59.000,2024-07-08 22:41:59.000,37,1.5383077,29.59967,1.8827839,UTC-0300,rCXGezyjDZ,com.sec.android.app.shealth,2024-07-08 22:41:59.000,ce41c5c3-e18e-4768-16bd-4399b2feada3,
,,0,17,2024-07-08 22:48:00.000,,,2024-07-08 22:52:01.000,2024-07-08 22:48:59.000,17,1.1144099,13.599945,0.8773308,UTC-0300,rCXGezyjDZ,com.sec.android.app.shealth,2024-07-08 22:48:59.000,2143be50-6190-f68a-00be-db70e9e47caa,
,,0,11,2024-07-11 21:44:00.000,,,2024-07-11 21:44:59.000,2024-07-11 21:44:59.000,11,1.5510365,8.8,0.5543974,UTC-0300,rCXGezyjDZ,com.sec.android.app.shealth,2024-07-11 21:44:59.000,94e265db-571c-3199-d7a6-523f83c7545d,
,,0,25,2024-07-11 21:45:00.000,,,2024-07-11 21:46:26.000,2024-07-11 21:45:59.000,25,1.7269119,19.999992,1.2454824,UTC-0300,rCXGezyjDZ,com.sec.android.app.shealth,2024-07-11 21:45:59.000,5e217ef2-6161-ea8a-2085-79dd9f765ffb,
,,0,16,2024-07-11 22:08:00.000,,,2024-07-11 22:08:59.000,2024-07-11 22:08:59.000,16,1.8007662,12.799992,0.78451633,UTC-0300,rCXGezyjDZ,com.sec.android.app.shealth,2024-07-11 22:08:59.000,d8c3a0f9-8b3e-4731-9b34-8206bf97eafe,
,,0,17,2024-07-11 22:20:00.000,,,2024-07-11 22:20:59.000,2024-07-11 22:20:59.000,17,1.3243002,14.199989,0.9813125,UTC-0300,rCXGezyjDZ,com.sec.android.app.shealth,2024-07-11 22:20:59.000,8e19e595-78be-59b7-d472-a84a3f78b550,
,,0,23,2024-07-11 22:24:00.000,,,2024-07-11 22:24:59.000,2024-07-11 22:24:59.000,23,1.1674742,18.40001,1.2127819,UTC-0300,rCXGezyjDZ,com.sec.android.app.shealth,2024-07-11 22:24:59.000,f10cd9b7-65da-fa8a-3141-29b150474a44,
,,0,26,2024-07-11 22:26:00.000,,,2024-07-11 22:26:59.000,2024-07-11 22:26:59.000,26,1.5703684,20.800064,1.3344579,UTC-0300,rCXGezyjDZ,com.sec.android.app.shealth,2024-07-11 22:26:59.000,4e3b63fc-73dd-428d-af3e-6f10d7a64d75,
,,15,11,2024-07-11 22:27:00.000,,,2024-07-11 22:27:59.000,2024-07-11 22:27:59.000,26,1.370314,21.400063,1.4419432,UTC-0300,rCXGezyjDZ,com.sec.android.app.shealth,2024-07-11 22:27:59.000,04bf6631-3c25-9c49-c89d-7ad89f2cc55f,
,,0,2,2024-07-11 22:28:00.000,,,2024-07-11 22:28:59.000,2024-07-11 22:28:59.000,2,1.1869749,1.6000061,0.1077652,UTC-0300,rCXGezyjDZ,com.sec.android.app.shealth,2024-07-11 22:28:59.000,b268da8f-0e01-3860-2153-20ac553a5242,
,,0,26,2024-07-11 22:40:00.000,,,2024-07-11 23:02:19.000,2024-07-11 22:40:59.000,26,1.4130706,20.800072,1.3651361,UTC-0300,rCXGezyjDZ,com.sec.android.app.shealth,2024-07-11 22:40:59.000,92503fab-fcf7-dc91-a7c3-5667473a3d58,
,,0,32,2024-07-11 23:02:00.000,,,2024-07-11 23:07:01.000,2024-07-11 23:02:59.000,32,1.2764806,25.600098,1.6608114,UTC-0300,rCXGezyjDZ,com.sec.android.app.shealth,2024-07-11 23:02:59.000,50dbe8a7-295c-35f1-7aca-5b333d1fc1c6,
